{"name": "flare", "children": [{"name": 1, "children": [{"name": "BUF", "children": [{"colour": "#66DE96", "name": "Financial Measure 0.9993984721", "size": 0.9993984720999999}, {"colour": "#66DE96", "name": "Wellness Measure 0.574703629", "size": 0.5747036289999999}]}, {"name": "CPT", "children": [{"colour": "#E5DC8D", "name": "Financial Measure 0.9999998853", "size": 0.9999998853000001}, {"colour": "#E5DC8D", "name": "Wellness Measure 0.708695779", "size": 0.708695779}]}, {"name": "DC1", "children": [{"colour": "#E5DC8D", "name": "Financial Measure 0.9998114188", "size": 0.9998114187999999}, {"colour": "#E5DC8D", "name": "Wellness Measure 0.712713918", "size": 0.712713918}]}, {"name": "DC10", "children": [{"colour": "#66DE96", "name": "Financial Measure 0.9998539256", "size": 0.9998539256}, {"colour": "#66DE96", "name": "Wellness Measure 0.661455687", "size": 0.661455687}]}, {"name": "DC16", "children": [{"colour": "#E6BE8A", "name": "Financial Measure 0.999633962", "size": 0.999633962}, {"colour": "#E6BE8A", "name": "Wellness Measure 0.682325053", "size": 0.682325053}]}, {"name": "DC18", "children": [{"colour": "#E6BE8A", "name": "Financial Measure 0.9999376398", "size": 0.9999376398}, {"colour": "#E6BE8A", "name": "Wellness Measure 0.684813125", "size": 0.684813125}]}, {"name": "DC19", "children": [{"colour": "#E6BE8A", "name": "Financial Measure 0.9999087633", "size": 0.9999087633}, {"colour": "#E6BE8A", "name": "Wellness Measure 0.571394359", "size": 0.571394359}]}, {"name": "DC2", "children": [{"colour": "#E5DC8D", "name": "Financial Measure 1.0", "size": 1.0}, {"colour": "#E5DC8D", "name": "Wellness Measure 0.713670908", "size": 0.713670908}]}, {"name": "DC20", "children": [{"colour": "#E6BE8A", "name": "Financial Measure 0.9999993104", "size": 0.9999993104000001}, {"colour": "#E6BE8A", "name": "Wellness Measure 0.676326331", "size": 0.676326331}]}, {"name": "DC22", "children": [{"colour": "#ACACE6", "name": "Financial Measure 0.9999803534", "size": 0.9999803534}, {"colour": "#ACACE6", "name": "Wellness Measure 0.520866911", "size": 0.520866911}]}, {"name": "DC25", "children": [{"colour": "#ACACE6", "name": "Financial Measure 0.9987576993", "size": 0.9987576993}, {"colour": "#ACACE6", "name": "Wellness Measure 0.554208906", "size": 0.5542089060000001}]}, {"name": "DC3", "children": [{"colour": "#E5DC8D", "name": "Financial Measure 0.9980406423", "size": 0.9980406423}, {"colour": "#E5DC8D", "name": "Wellness Measure 0.680925555", "size": 0.680925555}]}, {"name": "DC30", "children": [{"colour": "#5D8E86", "name": "Financial Measure 0.9999981362", "size": 0.9999981362}, {"colour": "#5D8E86", "name": "Wellness Measure 0.538534472", "size": 0.538534472}]}, {"name": "DC31", "children": [{"colour": "#5D8E86", "name": "Financial Measure 0.9997041995", "size": 0.9997041995}, {"colour": "#5D8E86", "name": "Wellness Measure 0.538256843", "size": 0.538256843}]}, {"name": "DC4", "children": [{"colour": "#E5DC8D", "name": "Financial Measure 0.9980475335", "size": 0.9980475335}, {"colour": "#E5DC8D", "name": "Wellness Measure 0.706404335", "size": 0.706404335}]}, {"name": "DC40", "children": [{"colour": "#ED854C", "name": "Financial Measure 0.999596821", "size": 0.9995968209999999}, {"colour": "#ED854C", "name": "Wellness Measure 0.689395456", "size": 0.689395456}]}, {"name": "DC42", "children": [{"colour": "#FF7777", "name": "Financial Measure 0.9999983026", "size": 0.9999983026}, {"colour": "#FF7777", "name": "Wellness Measure 0.713566072", "size": 0.713566072}]}, {"name": "DC48", "children": [{"colour": "#FF7777", "name": "Financial Measure 1.0", "size": 1.0}, {"colour": "#FF7777", "name": "Wellness Measure 0.63475284", "size": 0.63475284}]}, {"name": "DC5", "children": [{"colour": "#E5DC8D", "name": "Financial Measure 0.9999703001", "size": 0.9999703001000001}, {"colour": "#E5DC8D", "name": "Wellness Measure 0.718852518", "size": 0.7188525179999999}]}, {"name": "DC6", "children": [{"colour": "#C9BBB5", "name": "Financial Measure 0.9999665954", "size": 0.9999665954000001}, {"colour": "#C9BBB5", "name": "Wellness Measure 0.68193479", "size": 0.68193479}]}, {"name": "DC7", "children": [{"colour": "#C9BBB5", "name": "Financial Measure 0.9997578174", "size": 0.9997578173999999}, {"colour": "#C9BBB5", "name": "Wellness Measure 0.660349775", "size": 0.660349775}]}, {"name": "DC8", "children": [{"colour": "#C9BBB5", "name": "Financial Measure 0.9997669739", "size": 0.9997669739}, {"colour": "#C9BBB5", "name": "Wellness Measure 0.633034743", "size": 0.633034743}]}, {"name": "DC9", "children": [{"colour": "#C9BBB5", "name": "Financial Measure 0.9999977185", "size": 0.9999977185}, {"colour": "#C9BBB5", "name": "Wellness Measure 0.665701277", "size": 0.665701277}]}, {"name": "EC101", "children": [{"colour": "#66DE96", "name": "Financial Measure 0.9997421413", "size": 0.9997421412999999}, {"colour": "#66DE96", "name": "Wellness Measure 0.725868116", "size": 0.7258681159999999}]}, {"name": "EC102", "children": [{"colour": "#66DE96", "name": "Financial Measure 0.9990846139", "size": 0.9990846139}, {"colour": "#66DE96", "name": "Wellness Measure 0.666878204", "size": 0.666878204}]}, {"name": "EC103", "children": [{"colour": "#66DE96", "name": "Financial Measure 0.9974849219", "size": 0.9974849218999999}, {"colour": "#66DE96", "name": "Wellness Measure 0.648199708", "size": 0.6481997079999999}]}, {"name": "EC104", "children": [{"colour": "#66DE96", "name": "Financial Measure 0.9995950219", "size": 0.9995950218999999}, {"colour": "#66DE96", "name": "Wellness Measure 0.662546256", "size": 0.6625462560000001}]}, {"name": "EC105", "children": [{"colour": "#66DE96", "name": "Financial Measure 0.9965212025", "size": 0.9965212025}, {"colour": "#66DE96", "name": "Wellness Measure 0.559584124", "size": 0.559584124}]}, {"name": "EC106", "children": [{"colour": "#66DE96", "name": "Financial Measure 0.9980389516", "size": 0.9980389516}, {"colour": "#66DE96", "name": "Wellness Measure 0.561393827", "size": 0.5613938270000001}]}, {"name": "EC107", "children": [{"colour": "#66DE96", "name": "Financial Measure 0.999894117", "size": 0.9998941170000001}, {"colour": "#66DE96", "name": "Wellness Measure 0.613080476", "size": 0.613080476}]}, {"name": "EC108", "children": [{"colour": "#66DE96", "name": "Financial Measure 0.9999831498", "size": 0.9999831498}, {"colour": "#66DE96", "name": "Wellness Measure 0.618250601", "size": 0.6182506010000001}]}, {"name": "EC109", "children": [{"colour": "#66DE96", "name": "Financial Measure 0.9994101193", "size": 0.9994101193000001}, {"colour": "#66DE96", "name": "Wellness Measure 0.649586383", "size": 0.6495863829999999}]}, {"name": "EC128", "children": [{"colour": "#66DE96", "name": "Financial Measure 0.998408618", "size": 0.998408618}, {"colour": "#66DE96", "name": "Wellness Measure 0.640634868", "size": 0.640634868}]}, {"name": "EC131", "children": [{"colour": "#66DE96", "name": "Financial Measure 0.9996446501", "size": 0.9996446501}, {"colour": "#66DE96", "name": "Wellness Measure 0.697655679", "size": 0.697655679}]}, {"name": "EC133", "children": [{"colour": "#66DE96", "name": "Financial Measure 0.9998988982", "size": 0.9998988981999999}, {"colour": "#66DE96", "name": "Wellness Measure 0.677260337", "size": 0.677260337}]}, {"name": "EC134", "children": [{"colour": "#66DE96", "name": "Financial Measure 0.9991491243", "size": 0.9991491243}, {"colour": "#66DE96", "name": "Wellness Measure 0.5887349", "size": 0.5887349000000001}]}, {"name": "EC143", "children": [{"colour": "#66DE96", "name": "Financial Measure 0.9993375444", "size": 0.9993375444}, {"colour": "#66DE96", "name": "Wellness Measure 0.619844662", "size": 0.619844662}]}, {"name": "EC144", "children": [{"colour": "#66DE96", "name": "Financial Measure 0.9992314083", "size": 0.9992314083}, {"colour": "#66DE96", "name": "Wellness Measure 0.647072577", "size": 0.647072577}]}, {"name": "EKU", "children": [{"colour": "#FF7777", "name": "Financial Measure 0.9999847342", "size": 0.9999847342}, {"colour": "#FF7777", "name": "Wellness Measure 0.680643316", "size": 0.6806433159999999}]}, {"name": "ETH", "children": [{"colour": "#ACACE6", "name": "Financial Measure 0.9999650621", "size": 0.9999650620999999}, {"colour": "#ACACE6", "name": "Wellness Measure 0.626096942", "size": 0.626096942}]}, {"name": "FS161", "children": [{"colour": "#E6BE8A", "name": "Financial Measure 0.99851378", "size": 0.99851378}, {"colour": "#E6BE8A", "name": "Wellness Measure 0.650471416", "size": 0.650471416}]}, {"name": "FS162", "children": [{"colour": "#E6BE8A", "name": "Financial Measure 0.9988180727", "size": 0.9988180727}, {"colour": "#E6BE8A", "name": "Wellness Measure 0.673422829", "size": 0.6734228290000001}]}, {"name": "FS163", "children": [{"colour": "#E6BE8A", "name": "Financial Measure 0.9983802094", "size": 0.9983802093999999}, {"colour": "#E6BE8A", "name": "Wellness Measure 0.632096414", "size": 0.6320964139999999}]}, {"name": "FS164", "children": [{"colour": "#E6BE8A", "name": "Financial Measure 0.9970436096", "size": 0.9970436095999999}, {"colour": "#E6BE8A", "name": "Wellness Measure 0.675822814", "size": 0.6758228140000001}]}, {"name": "FS181", "children": [{"colour": "#E6BE8A", "name": "Financial Measure 0.9995890392", "size": 0.9995890392}, {"colour": "#E6BE8A", "name": "Wellness Measure 0.649809488", "size": 0.6498094879999999}]}, {"name": "FS182", "children": [{"colour": "#E6BE8A", "name": "Financial Measure 0.9980722895", "size": 0.9980722895}, {"colour": "#E6BE8A", "name": "Wellness Measure 0.505759785", "size": 0.505759785}]}, {"name": "FS183", "children": [{"colour": "#E6BE8A", "name": "Financial Measure 0.9995643684", "size": 0.9995643684000001}, {"colour": "#E6BE8A", "name": "Wellness Measure 0.672778524", "size": 0.672778524}]}, {"name": "FS184", "children": [{"colour": "#E6BE8A", "name": "Financial Measure 0.9982165752", "size": 0.9982165752}, {"colour": "#E6BE8A", "name": "Wellness Measure 0.68203028", "size": 0.68203028}]}, {"name": "FS185", "children": [{"colour": "#E6BE8A", "name": "Financial Measure 0.9989204498", "size": 0.9989204498}, {"colour": "#E6BE8A", "name": "Wellness Measure 0.637097948", "size": 0.637097948}]}, {"name": "FS191", "children": [{"colour": "#E6BE8A", "name": "Financial Measure 0.9977177777", "size": 0.9977177776999999}, {"colour": "#E6BE8A", "name": "Wellness Measure 0.595088218", "size": 0.595088218}]}, {"name": "FS192", "children": [{"colour": "#E6BE8A", "name": "Financial Measure 0.9990129279", "size": 0.9990129279000001}, {"colour": "#E6BE8A", "name": "Wellness Measure 0.612852174", "size": 0.612852174}]}, {"name": "FS193", "children": [{"colour": "#E6BE8A", "name": "Financial Measure 0.9995351521", "size": 0.9995351520999999}, {"colour": "#E6BE8A", "name": "Wellness Measure 0.584591869", "size": 0.5845918689999999}]}, {"name": "FS194", "children": [{"colour": "#E6BE8A", "name": "Financial Measure 0.9974981653", "size": 0.9974981653}, {"colour": "#E6BE8A", "name": "Wellness Measure 0.512304692", "size": 0.5123046920000001}]}, {"name": "FS195", "children": [{"colour": "#E6BE8A", "name": "Financial Measure 0.9983459158", "size": 0.9983459158}, {"colour": "#E6BE8A", "name": "Wellness Measure 0.548109908", "size": 0.5481099079999999}]}, {"name": "FS196", "children": [{"colour": "#E6BE8A", "name": "Financial Measure 0.9973094855", "size": 0.9973094855}, {"colour": "#E6BE8A", "name": "Wellness Measure 0.638870691", "size": 0.638870691}]}, {"name": "FS201", "children": [{"colour": "#E6BE8A", "name": "Financial Measure 0.998862241", "size": 0.998862241}, {"colour": "#E6BE8A", "name": "Wellness Measure 0.693923669", "size": 0.693923669}]}, {"name": "FS203", "children": [{"colour": "#E6BE8A", "name": "Financial Measure 0.9982149975", "size": 0.9982149975}, {"colour": "#E6BE8A", "name": "Wellness Measure 0.648358414", "size": 0.6483584139999999}]}, {"name": "FS204", "children": [{"colour": "#E6BE8A", "name": "Financial Measure 0.9992622838", "size": 0.9992622837999999}, {"colour": "#E6BE8A", "name": "Wellness Measure 0.662229781", "size": 0.662229781}]}, {"name": "FS205", "children": [{"colour": "#E6BE8A", "name": "Financial Measure 0.9978342759", "size": 0.9978342759000001}, {"colour": "#E6BE8A", "name": "Wellness Measure 0.634771649", "size": 0.6347716489999999}]}, {"name": "GT421", "children": [{"colour": "#FF7777", "name": "Financial Measure 0.9996361004", "size": 0.9996361004000001}, {"colour": "#FF7777", "name": "Wellness Measure 0.720121079", "size": 0.7201210790000001}]}, {"name": "GT422", "children": [{"colour": "#FF7777", "name": "Financial Measure 1.0", "size": 1.0}, {"colour": "#FF7777", "name": "Wellness Measure 0.631948647", "size": 0.631948647}]}, {"name": "GT423", "children": [{"colour": "#FF7777", "name": "Financial Measure 0.9991130093", "size": 0.9991130093}, {"colour": "#FF7777", "name": "Wellness Measure 0.677683671", "size": 0.6776836709999999}]}, {"name": "GT481", "children": [{"colour": "#FF7777", "name": "Financial Measure 0.9999994958", "size": 0.9999994958}, {"colour": "#FF7777", "name": "Wellness Measure 0.674589613", "size": 0.674589613}]}, {"name": "GT482", "children": [{"colour": "#FF7777", "name": "Financial Measure 0.9991516337", "size": 0.9991516337}, {"colour": "#FF7777", "name": "Wellness Measure 0.654573095", "size": 0.654573095}]}, {"name": "GT483", "children": [{"colour": "#FF7777", "name": "Financial Measure 0.9981157622", "size": 0.9981157622}, {"colour": "#FF7777", "name": "Wellness Measure 0.506422704", "size": 0.506422704}]}, {"name": "GT484", "children": [{"colour": "#FF7777", "name": "Financial Measure 0.9999987662", "size": 0.9999987662}, {"colour": "#FF7777", "name": "Wellness Measure 0.633095269", "size": 0.633095269}]}, {"name": "JHB", "children": [{"colour": "#FF7777", "name": "Financial Measure 0.99989077", "size": 0.99989077}, {"colour": "#FF7777", "name": "Wellness Measure 0.705571209", "size": 0.705571209}]}, {"name": "KZN222", "children": [{"colour": "#ACACE6", "name": "Financial Measure 0.9986052047", "size": 0.9986052047}, {"colour": "#ACACE6", "name": "Wellness Measure 0.605455865", "size": 0.605455865}]}, {"name": "KZN225", "children": [{"colour": "#ACACE6", "name": "Financial Measure 0.9999987889", "size": 0.9999987889}, {"colour": "#ACACE6", "name": "Wellness Measure 0.601191534", "size": 0.601191534}]}, {"name": "KZN241", "children": [{"colour": "#ACACE6", "name": "Financial Measure 0.9999973131", "size": 0.9999973131000001}, {"colour": "#ACACE6", "name": "Wellness Measure 0.55602243", "size": 0.55602243}]}, {"name": "KZN252", "children": [{"colour": "#ACACE6", "name": "Financial Measure 0.9999037138", "size": 0.9999037138}, {"colour": "#ACACE6", "name": "Wellness Measure 0.590119459", "size": 0.590119459}]}, {"name": "KZN282", "children": [{"colour": "#ACACE6", "name": "Financial Measure 1.0", "size": 1.0}, {"colour": "#ACACE6", "name": "Wellness Measure 0.605877913", "size": 0.6058779129999999}]}, {"name": "KZN433", "children": [{"colour": "#ACACE6", "name": "Financial Measure 0.9999617233", "size": 0.9999617233}, {"colour": "#ACACE6", "name": "Wellness Measure 0.538938755", "size": 0.538938755}]}, {"name": "LIM341", "children": [{"colour": "#00BCD4", "name": "Financial Measure 0.9992414749", "size": 0.9992414748999999}, {"colour": "#00BCD4", "name": "Wellness Measure 0.548149806", "size": 0.548149806}]}, {"name": "LIM361", "children": [{"colour": "#00BCD4", "name": "Financial Measure 0.9992157966", "size": 0.9992157965999999}, {"colour": "#00BCD4", "name": "Wellness Measure 0.554204282", "size": 0.554204282}]}, {"name": "LIM364", "children": [{"colour": "#00BCD4", "name": "Financial Measure 0.9989610769", "size": 0.9989610769}, {"colour": "#00BCD4", "name": "Wellness Measure 0.611795979", "size": 0.6117959789999999}]}, {"name": "LIM365", "children": [{"colour": "#00BCD4", "name": "Financial Measure 0.9991123887", "size": 0.9991123887000001}, {"colour": "#00BCD4", "name": "Wellness Measure 0.57010887", "size": 0.57010887}]}, {"name": "LIM366", "children": [{"colour": "#00BCD4", "name": "Financial Measure 0.9999516648", "size": 0.9999516648000001}, {"colour": "#00BCD4", "name": "Wellness Measure 0.606324297", "size": 0.606324297}]}, {"name": "MAN", "children": [{"colour": "#E6BE8A", "name": "Financial Measure 0.999201606", "size": 0.999201606}, {"colour": "#E6BE8A", "name": "Wellness Measure 0.633151152", "size": 0.633151152}]}, {"name": "MP302", "children": [{"colour": "#5D8E86", "name": "Financial Measure 0.9981851315", "size": 0.9981851315000001}, {"colour": "#5D8E86", "name": "Wellness Measure 0.513021248", "size": 0.5130212479999999}]}, {"name": "MP305", "children": [{"colour": "#5D8E86", "name": "Financial Measure 0.9990566665", "size": 0.9990566665}, {"colour": "#5D8E86", "name": "Wellness Measure 0.671750998", "size": 0.6717509979999999}]}, {"name": "MP306", "children": [{"colour": "#5D8E86", "name": "Financial Measure 0.9993869893", "size": 0.9993869893}, {"colour": "#5D8E86", "name": "Wellness Measure 0.586584503", "size": 0.586584503}]}, {"name": "MP307", "children": [{"colour": "#5D8E86", "name": "Financial Measure 0.9998039924", "size": 0.9998039924}, {"colour": "#5D8E86", "name": "Wellness Measure 0.711624011", "size": 0.711624011}]}, {"name": "MP311", "children": [{"colour": "#5D8E86", "name": "Financial Measure 0.9985683648", "size": 0.9985683648}, {"colour": "#5D8E86", "name": "Wellness Measure 0.608824847", "size": 0.6088248470000001}]}, {"name": "MP312", "children": [{"colour": "#5D8E86", "name": "Financial Measure 0.999363629", "size": 0.9993636290000001}, {"colour": "#5D8E86", "name": "Wellness Measure 0.613228586", "size": 0.613228586}]}, {"name": "MP313", "children": [{"colour": "#5D8E86", "name": "Financial Measure 0.9998110177", "size": 0.9998110176999999}, {"colour": "#5D8E86", "name": "Wellness Measure 0.638193217", "size": 0.638193217}]}, {"name": "MP314", "children": [{"colour": "#5D8E86", "name": "Financial Measure 0.998651874", "size": 0.9986518740000001}, {"colour": "#5D8E86", "name": "Wellness Measure 0.516384779", "size": 0.516384779}]}, {"name": "MP321", "children": [{"colour": "#5D8E86", "name": "Financial Measure 0.9986694545", "size": 0.9986694545}, {"colour": "#5D8E86", "name": "Wellness Measure 0.568146441", "size": 0.568146441}]}, {"name": "MP323", "children": [{"colour": "#5D8E86", "name": "Financial Measure 0.9991890013", "size": 0.9991890013}, {"colour": "#5D8E86", "name": "Wellness Measure 0.533661051", "size": 0.533661051}]}, {"name": "NC061", "children": [{"colour": "#C9BBB5", "name": "Financial Measure 0.9982130746", "size": 0.9982130746}, {"colour": "#C9BBB5", "name": "Wellness Measure 0.698892666", "size": 0.698892666}]}, {"name": "NC062", "children": [{"colour": "#C9BBB5", "name": "Financial Measure 0.9986044588", "size": 0.9986044587999999}, {"colour": "#C9BBB5", "name": "Wellness Measure 0.685299264", "size": 0.6852992640000001}]}, {"name": "NC064", "children": [{"colour": "#C9BBB5", "name": "Financial Measure 0.9983481222", "size": 0.9983481222}, {"colour": "#C9BBB5", "name": "Wellness Measure 0.577967945", "size": 0.577967945}]}, {"name": "NC065", "children": [{"colour": "#C9BBB5", "name": "Financial Measure 0.9994053279", "size": 0.9994053279}, {"colour": "#C9BBB5", "name": "Wellness Measure 0.669744252", "size": 0.669744252}]}, {"name": "NC066", "children": [{"colour": "#C9BBB5", "name": "Financial Measure 0.9980729036", "size": 0.9980729036}, {"colour": "#C9BBB5", "name": "Wellness Measure 0.535635105", "size": 0.535635105}]}, {"name": "NC067", "children": [{"colour": "#C9BBB5", "name": "Financial Measure 0.9998065245", "size": 0.9998065245000001}, {"colour": "#C9BBB5", "name": "Wellness Measure 0.667551603", "size": 0.6675516029999999}]}, {"name": "NC071", "children": [{"colour": "#C9BBB5", "name": "Financial Measure 0.9979331308", "size": 0.9979331308}, {"colour": "#C9BBB5", "name": "Wellness Measure 0.651421812", "size": 0.651421812}]}, {"name": "NC072", "children": [{"colour": "#C9BBB5", "name": "Financial Measure 0.9996800912", "size": 0.9996800912}, {"colour": "#C9BBB5", "name": "Wellness Measure 0.658815738", "size": 0.6588157379999999}]}, {"name": "NC073", "children": [{"colour": "#C9BBB5", "name": "Financial Measure 0.9986440309", "size": 0.9986440309000001}, {"colour": "#C9BBB5", "name": "Wellness Measure 0.688452563", "size": 0.688452563}]}, {"name": "NC074", "children": [{"colour": "#C9BBB5", "name": "Financial Measure 0.9997507276", "size": 0.9997507276}, {"colour": "#C9BBB5", "name": "Wellness Measure 0.647292409", "size": 0.647292409}]}, {"name": "NC075", "children": [{"colour": "#C9BBB5", "name": "Financial Measure 0.9960179157", "size": 0.9960179157}, {"colour": "#C9BBB5", "name": "Wellness Measure 0.670223254", "size": 0.6702232539999999}]}, {"name": "NC076", "children": [{"colour": "#C9BBB5", "name": "Financial Measure 0.998444932", "size": 0.9984449320000001}, {"colour": "#C9BBB5", "name": "Wellness Measure 0.55606452", "size": 0.55606452}]}, {"name": "NC077", "children": [{"colour": "#C9BBB5", "name": "Financial Measure 0.998571371", "size": 0.9985713709999999}, {"colour": "#C9BBB5", "name": "Wellness Measure 0.657320763", "size": 0.657320763}]}, {"name": "NC078", "children": [{"colour": "#C9BBB5", "name": "Financial Measure 0.9981985043", "size": 0.9981985043000001}, {"colour": "#C9BBB5", "name": "Wellness Measure 0.59752436", "size": 0.59752436}]}, {"name": "NC081", "children": [{"colour": "#C9BBB5", "name": "Financial Measure 0.9958532226", "size": 0.9958532226000001}, {"colour": "#C9BBB5", "name": "Wellness Measure 0.558244948", "size": 0.558244948}]}, {"name": "NC082", "children": [{"colour": "#C9BBB5", "name": "Financial Measure 0.9987672404", "size": 0.9987672404000001}, {"colour": "#C9BBB5", "name": "Wellness Measure 0.614776383", "size": 0.6147763829999999}]}, {"name": "NC083", "children": [{"colour": "#C9BBB5", "name": "Financial Measure 0.999617896", "size": 0.999617896}, {"colour": "#C9BBB5", "name": "Wellness Measure 0.654904934", "size": 0.6549049339999999}]}, {"name": "NC084", "children": [{"colour": "#C9BBB5", "name": "Financial Measure 0.9993487901", "size": 0.9993487901000001}, {"colour": "#C9BBB5", "name": "Wellness Measure 0.528493431", "size": 0.528493431}]}, {"name": "NC085", "children": [{"colour": "#C9BBB5", "name": "Financial Measure 0.9997238207", "size": 0.9997238206999999}, {"colour": "#C9BBB5", "name": "Wellness Measure 0.63470947", "size": 0.63470947}]}, {"name": "NC086", "children": [{"colour": "#C9BBB5", "name": "Financial Measure 0.9991082755", "size": 0.9991082754999999}, {"colour": "#C9BBB5", "name": "Wellness Measure 0.712919717", "size": 0.712919717}]}, {"name": "NC091", "children": [{"colour": "#C9BBB5", "name": "Financial Measure 0.9994006422", "size": 0.9994006422}, {"colour": "#C9BBB5", "name": "Wellness Measure 0.67941982", "size": 0.67941982}]}, {"name": "NC092", "children": [{"colour": "#C9BBB5", "name": "Financial Measure 0.9977468602", "size": 0.9977468601999999}, {"colour": "#C9BBB5", "name": "Wellness Measure 0.611380922", "size": 0.611380922}]}, {"name": "NC093", "children": [{"colour": "#C9BBB5", "name": "Financial Measure 0.9987336281", "size": 0.9987336281}, {"colour": "#C9BBB5", "name": "Wellness Measure 0.672415791", "size": 0.6724157909999999}]}, {"name": "NC094", "children": [{"colour": "#C9BBB5", "name": "Financial Measure 0.9985022118", "size": 0.9985022118000001}, {"colour": "#C9BBB5", "name": "Wellness Measure 0.617156404", "size": 0.6171564039999999}]}, {"name": "NC453", "children": [{"colour": "#C9BBB5", "name": "Financial Measure 0.9984445311", "size": 0.9984445311}, {"colour": "#C9BBB5", "name": "Wellness Measure 0.694703773", "size": 0.694703773}]}, {"name": "NMA", "children": [{"colour": "#66DE96", "name": "Financial Measure 0.999041172", "size": 0.999041172}, {"colour": "#66DE96", "name": "Wellness Measure 0.704481382", "size": 0.704481382}]}, {"name": "NW373", "children": [{"colour": "#ED854C", "name": "Financial Measure 0.9961243663", "size": 0.9961243662999999}, {"colour": "#ED854C", "name": "Wellness Measure 0.589268442", "size": 0.5892684420000001}]}, {"name": "NW374", "children": [{"colour": "#ED854C", "name": "Financial Measure 0.9999001067", "size": 0.9999001067000001}, {"colour": "#ED854C", "name": "Wellness Measure 0.572742572", "size": 0.572742572}]}, {"name": "NW392", "children": [{"colour": "#ED854C", "name": "Financial Measure 0.9977341878", "size": 0.9977341878}, {"colour": "#ED854C", "name": "Wellness Measure 0.559354075", "size": 0.559354075}]}, {"name": "NW393", "children": [{"colour": "#ED854C", "name": "Financial Measure 0.999747053", "size": 0.999747053}, {"colour": "#ED854C", "name": "Wellness Measure 0.569519761", "size": 0.569519761}]}, {"name": "NW396", "children": [{"colour": "#ED854C", "name": "Financial Measure 0.9993760639", "size": 0.9993760639}, {"colour": "#ED854C", "name": "Wellness Measure 0.70853386", "size": 0.70853386}]}, {"name": "NW402", "children": [{"colour": "#ED854C", "name": "Financial Measure 0.9997556689", "size": 0.9997556689}, {"colour": "#ED854C", "name": "Wellness Measure 0.689715567", "size": 0.689715567}]}, {"name": "NW403", "children": [{"colour": "#ED854C", "name": "Financial Measure 0.9993814727", "size": 0.9993814727}, {"colour": "#ED854C", "name": "Wellness Measure 0.70493483", "size": 0.70493483}]}, {"name": "NW404", "children": [{"colour": "#ED854C", "name": "Financial Measure 0.9994073315", "size": 0.9994073315}, {"colour": "#ED854C", "name": "Wellness Measure 0.61481132", "size": 0.61481132}]}, {"name": "TSH", "children": [{"colour": "#FF7777", "name": "Financial Measure 0.9996669026", "size": 0.9996669026}, {"colour": "#FF7777", "name": "Wellness Measure 0.678458085", "size": 0.678458085}]}, {"name": "WC011", "children": [{"colour": "#E5DC8D", "name": "Financial Measure 1.0", "size": 1.0}, {"colour": "#E5DC8D", "name": "Wellness Measure 0.66451707", "size": 0.66451707}]}, {"name": "WC012", "children": [{"colour": "#E5DC8D", "name": "Financial Measure 0.9999657231", "size": 0.9999657231}, {"colour": "#E5DC8D", "name": "Wellness Measure 0.66809104", "size": 0.66809104}]}, {"name": "WC013", "children": [{"colour": "#E5DC8D", "name": "Financial Measure 0.9999154971", "size": 0.9999154970999999}, {"colour": "#E5DC8D", "name": "Wellness Measure 0.698942586", "size": 0.6989425859999999}]}, {"name": "WC014", "children": [{"colour": "#E5DC8D", "name": "Financial Measure 0.999988018", "size": 0.9999880179999999}, {"colour": "#E5DC8D", "name": "Wellness Measure 0.706038112", "size": 0.706038112}]}, {"name": "WC015", "children": [{"colour": "#E5DC8D", "name": "Financial Measure 0.9998120053", "size": 0.9998120053}, {"colour": "#E5DC8D", "name": "Wellness Measure 0.70615472", "size": 0.70615472}]}, {"name": "WC022", "children": [{"colour": "#E5DC8D", "name": "Financial Measure 0.9999215438", "size": 0.9999215438}, {"colour": "#E5DC8D", "name": "Wellness Measure 0.692917136", "size": 0.6929171359999999}]}, {"name": "WC023", "children": [{"colour": "#E5DC8D", "name": "Financial Measure 0.9999294333", "size": 0.9999294333}, {"colour": "#E5DC8D", "name": "Wellness Measure 0.711611217", "size": 0.7116112170000001}]}, {"name": "WC024", "children": [{"colour": "#E5DC8D", "name": "Financial Measure 0.9998179886", "size": 0.9998179886}, {"colour": "#E5DC8D", "name": "Wellness Measure 0.71095056", "size": 0.71095056}]}, {"name": "WC025", "children": [{"colour": "#E5DC8D", "name": "Financial Measure 0.9999989475", "size": 0.9999989475}, {"colour": "#E5DC8D", "name": "Wellness Measure 0.695228025", "size": 0.695228025}]}, {"name": "WC026", "children": [{"colour": "#E5DC8D", "name": "Financial Measure 0.9998365964", "size": 0.9998365964}, {"colour": "#E5DC8D", "name": "Wellness Measure 0.702217557", "size": 0.702217557}]}, {"name": "WC031", "children": [{"colour": "#E5DC8D", "name": "Financial Measure 0.9995479968", "size": 0.9995479968000001}, {"colour": "#E5DC8D", "name": "Wellness Measure 0.655016752", "size": 0.655016752}]}, {"name": "WC032", "children": [{"colour": "#E5DC8D", "name": "Financial Measure 0.9999815819", "size": 0.9999815819}, {"colour": "#E5DC8D", "name": "Wellness Measure 0.626021046", "size": 0.626021046}]}, {"name": "WC033", "children": [{"colour": "#E5DC8D", "name": "Financial Measure 0.9998459318", "size": 0.9998459318}, {"colour": "#E5DC8D", "name": "Wellness Measure 0.703267611", "size": 0.7032676109999999}]}, {"name": "WC034", "children": [{"colour": "#E5DC8D", "name": "Financial Measure 0.999999702", "size": 0.999999702}, {"colour": "#E5DC8D", "name": "Wellness Measure 0.674111907", "size": 0.674111907}]}, {"name": "WC041", "children": [{"colour": "#E5DC8D", "name": "Financial Measure 0.9986131141", "size": 0.9986131141}, {"colour": "#E5DC8D", "name": "Wellness Measure 0.631654533", "size": 0.631654533}]}, {"name": "WC042", "children": [{"colour": "#E5DC8D", "name": "Financial Measure 0.9996776612", "size": 0.9996776612}, {"colour": "#E5DC8D", "name": "Wellness Measure 0.695660203", "size": 0.695660203}]}, {"name": "WC043", "children": [{"colour": "#E5DC8D", "name": "Financial Measure 0.9999860636", "size": 0.9999860636}, {"colour": "#E5DC8D", "name": "Wellness Measure 0.69930204", "size": 0.69930204}]}, {"name": "WC044", "children": [{"colour": "#E5DC8D", "name": "Financial Measure 0.9998673147", "size": 0.9998673147}, {"colour": "#E5DC8D", "name": "Wellness Measure 0.690510268", "size": 0.6905102679999999}]}, {"name": "WC045", "children": [{"colour": "#E5DC8D", "name": "Financial Measure 0.9982451962", "size": 0.9982451962000001}, {"colour": "#E5DC8D", "name": "Wellness Measure 0.625167729", "size": 0.625167729}]}, {"name": "WC047", "children": [{"colour": "#E5DC8D", "name": "Financial Measure 0.9999971627", "size": 0.9999971626999999}, {"colour": "#E5DC8D", "name": "Wellness Measure 0.678165846", "size": 0.678165846}]}, {"name": "WC048", "children": [{"colour": "#E5DC8D", "name": "Financial Measure 0.9998458869", "size": 0.9998458869}, {"colour": "#E5DC8D", "name": "Wellness Measure 0.608490934", "size": 0.608490934}]}, {"name": "WC051", "children": [{"colour": "#E5DC8D", "name": "Financial Measure 0.9966583774", "size": 0.9966583774}, {"colour": "#E5DC8D", "name": "Wellness Measure 0.69450831", "size": 0.69450831}]}, {"name": "WC052", "children": [{"colour": "#E5DC8D", "name": "Financial Measure 0.9994902854", "size": 0.9994902854000001}, {"colour": "#E5DC8D", "name": "Wellness Measure 0.654090735", "size": 0.654090735}]}, {"name": "WC053", "children": [{"colour": "#E5DC8D", "name": "Financial Measure 0.9992442594", "size": 0.9992442594}, {"colour": "#E5DC8D", "name": "Wellness Measure 0.714880049", "size": 0.714880049}]}]}, {"name": 2, "children": [{"name": "DC12", "children": [{"colour": "#66DE96", "name": "Financial Measure 0.9992469042", "size": 0.9992469042000001}, {"colour": "#66DE96", "name": "Wellness Measure 0.258010173", "size": 0.258010173}]}, {"name": "DC13", "children": [{"colour": "#66DE96", "name": "Financial Measure 0.9985996139", "size": 0.9985996139}, {"colour": "#66DE96", "name": "Wellness Measure 0.382382194", "size": 0.382382194}]}, {"name": "DC14", "children": [{"colour": "#66DE96", "name": "Financial Measure 0.9999913774", "size": 0.9999913774}, {"colour": "#66DE96", "name": "Wellness Measure 0.337836395", "size": 0.337836395}]}, {"name": "DC15", "children": [{"colour": "#66DE96", "name": "Financial Measure 0.9988823046", "size": 0.9988823045999999}, {"colour": "#66DE96", "name": "Wellness Measure 0.17373136", "size": 0.17373136}]}, {"name": "DC21", "children": [{"colour": "#ACACE6", "name": "Financial Measure 0.9985224691", "size": 0.9985224691}, {"colour": "#ACACE6", "name": "Wellness Measure 0.287873448", "size": 0.28787344800000003}]}, {"name": "DC23", "children": [{"colour": "#ACACE6", "name": "Financial Measure 0.9968765325", "size": 0.9968765325}, {"colour": "#ACACE6", "name": "Wellness Measure 0.328014519", "size": 0.328014519}]}, {"name": "DC24", "children": [{"colour": "#ACACE6", "name": "Financial Measure 0.9983031083", "size": 0.9983031083}, {"colour": "#ACACE6", "name": "Wellness Measure 0.235772549", "size": 0.235772549}]}, {"name": "DC26", "children": [{"colour": "#ACACE6", "name": "Financial Measure 0.9999970012", "size": 0.9999970012}, {"colour": "#ACACE6", "name": "Wellness Measure 0.308937344", "size": 0.308937344}]}, {"name": "DC27", "children": [{"colour": "#ACACE6", "name": "Financial Measure 0.997281963", "size": 0.9972819629999999}, {"colour": "#ACACE6", "name": "Wellness Measure 0.175245324", "size": 0.17524532399999998}]}, {"name": "DC28", "children": [{"colour": "#ACACE6", "name": "Financial Measure 1.0", "size": 1.0}, {"colour": "#ACACE6", "name": "Wellness Measure 0.398295342", "size": 0.39829534200000005}]}, {"name": "DC29", "children": [{"colour": "#ACACE6", "name": "Financial Measure 0.9997021689", "size": 0.9997021689}, {"colour": "#ACACE6", "name": "Wellness Measure 0.324697388", "size": 0.32469738800000003}]}, {"name": "DC32", "children": [{"colour": "#5D8E86", "name": "Financial Measure 1.0", "size": 1.0}, {"colour": "#5D8E86", "name": "Wellness Measure 0.386202841", "size": 0.386202841}]}, {"name": "DC33", "children": [{"colour": "#00BCD4", "name": "Financial Measure 0.999949568", "size": 0.999949568}, {"colour": "#00BCD4", "name": "Wellness Measure 0.242002535", "size": 0.242002535}]}, {"name": "DC34", "children": [{"colour": "#00BCD4", "name": "Financial Measure 0.9972061876", "size": 0.9972061876}, {"colour": "#00BCD4", "name": "Wellness Measure 0.231448872", "size": 0.231448872}]}, {"name": "DC35", "children": [{"colour": "#00BCD4", "name": "Financial Measure 0.9995962391", "size": 0.9995962391}, {"colour": "#00BCD4", "name": "Wellness Measure 0.403480151", "size": 0.403480151}]}, {"name": "DC36", "children": [{"colour": "#00BCD4", "name": "Financial Measure 0.9998377914", "size": 0.9998377914}, {"colour": "#00BCD4", "name": "Wellness Measure 0.439222902", "size": 0.439222902}]}, {"name": "DC37", "children": [{"colour": "#ED854C", "name": "Financial Measure 0.9993902971", "size": 0.9993902970999999}, {"colour": "#ED854C", "name": "Wellness Measure 0.478888832", "size": 0.47888883200000004}]}, {"name": "DC38", "children": [{"colour": "#ED854C", "name": "Financial Measure 0.997945089", "size": 0.997945089}, {"colour": "#ED854C", "name": "Wellness Measure 0.39875261", "size": 0.39875261}]}, {"name": "DC39", "children": [{"colour": "#ED854C", "name": "Financial Measure 0.9961045172", "size": 0.9961045172}, {"colour": "#ED854C", "name": "Wellness Measure 0.374978439", "size": 0.374978439}]}, {"name": "DC43", "children": [{"colour": "#ACACE6", "name": "Financial Measure 0.9965094528", "size": 0.9965094528}, {"colour": "#ACACE6", "name": "Wellness Measure 0.214061281", "size": 0.21406128100000002}]}, {"name": "DC44", "children": [{"colour": "#66DE96", "name": "Financial Measure 0.997859344", "size": 0.9978593440000001}, {"colour": "#66DE96", "name": "Wellness Measure 0.134247986", "size": 0.13424798599999999}]}, {"name": "DC45", "children": [{"colour": "#C9BBB5", "name": "Financial Measure 0.999424753", "size": 0.999424753}, {"colour": "#C9BBB5", "name": "Wellness Measure 0.380493247", "size": 0.38049324700000003}]}, {"name": "DC47", "children": [{"colour": "#00BCD4", "name": "Financial Measure 0.9991405661", "size": 0.9991405661}, {"colour": "#00BCD4", "name": "Wellness Measure 0.226523933", "size": 0.226523933}]}, {"name": "EC121", "children": [{"colour": "#66DE96", "name": "Financial Measure 0.9994893568", "size": 0.9994893568000001}, {"colour": "#66DE96", "name": "Wellness Measure 0.155085974", "size": 0.15508597400000002}]}, {"name": "EC122", "children": [{"colour": "#66DE96", "name": "Financial Measure 0.9977167724", "size": 0.9977167723999999}, {"colour": "#66DE96", "name": "Wellness Measure 0.276328599", "size": 0.276328599}]}, {"name": "EC123", "children": [{"colour": "#66DE96", "name": "Financial Measure 0.9989800245", "size": 0.9989800245}, {"colour": "#66DE96", "name": "Wellness Measure 0.345310779", "size": 0.345310779}]}, {"name": "EC124", "children": [{"colour": "#66DE96", "name": "Financial Measure 0.9987094718", "size": 0.9987094718}, {"colour": "#66DE96", "name": "Wellness Measure 0.359025174", "size": 0.359025174}]}, {"name": "EC126", "children": [{"colour": "#66DE96", "name": "Financial Measure 0.9978850916", "size": 0.9978850915999999}, {"colour": "#66DE96", "name": "Wellness Measure 0.289735039", "size": 0.28973503899999997}]}, {"name": "EC127", "children": [{"colour": "#66DE96", "name": "Financial Measure 0.9990836606", "size": 0.9990836606}, {"colour": "#66DE96", "name": "Wellness Measure 0.451123468", "size": 0.45112346799999997}]}, {"name": "EC132", "children": [{"colour": "#66DE96", "name": "Financial Measure 0.9997655451", "size": 0.9997655451}, {"colour": "#66DE96", "name": "Wellness Measure 0.384912516", "size": 0.38491251600000004}]}, {"name": "EC135", "children": [{"colour": "#66DE96", "name": "Financial Measure 0.9982469234", "size": 0.9982469234}, {"colour": "#66DE96", "name": "Wellness Measure 0.18635603", "size": 0.18635603}]}, {"name": "EC136", "children": [{"colour": "#66DE96", "name": "Financial Measure 0.9992796911", "size": 0.9992796911}, {"colour": "#66DE96", "name": "Wellness Measure 0.313629254", "size": 0.31362925399999997}]}, {"name": "EC137", "children": [{"colour": "#66DE96", "name": "Financial Measure 0.9999997987", "size": 0.9999997987}, {"colour": "#66DE96", "name": "Wellness Measure 0.16408711", "size": 0.16408711}]}, {"name": "EC138", "children": [{"colour": "#66DE96", "name": "Financial Measure 0.9984034266", "size": 0.9984034265999999}, {"colour": "#66DE96", "name": "Wellness Measure 0.344471991", "size": 0.34447199100000003}]}, {"name": "EC141", "children": [{"colour": "#66DE96", "name": "Financial Measure 0.9998928004", "size": 0.9998928004000001}, {"colour": "#66DE96", "name": "Wellness Measure 0.159923441", "size": 0.159923441}]}, {"name": "EC142", "children": [{"colour": "#66DE96", "name": "Financial Measure 0.9999540715", "size": 0.9999540715}, {"colour": "#66DE96", "name": "Wellness Measure 0.330145882", "size": 0.330145882}]}, {"name": "EC153", "children": [{"colour": "#66DE96", "name": "Financial Measure 1.0", "size": 1.0}, {"colour": "#66DE96", "name": "Wellness Measure 0.111577542", "size": 0.11157754199999999}]}, {"name": "EC154", "children": [{"colour": "#66DE96", "name": "Financial Measure 0.9988803308", "size": 0.9988803307999999}, {"colour": "#66DE96", "name": "Wellness Measure 0.112760027", "size": 0.112760027}]}, {"name": "EC155", "children": [{"colour": "#66DE96", "name": "Financial Measure 0.9995083873", "size": 0.9995083873}, {"colour": "#66DE96", "name": "Wellness Measure 0.131812775", "size": 0.131812775}]}, {"name": "EC156", "children": [{"colour": "#66DE96", "name": "Financial Measure 0.9997780043", "size": 0.9997780043000001}, {"colour": "#66DE96", "name": "Wellness Measure 0.150628273", "size": 0.150628273}]}, {"name": "EC157", "children": [{"colour": "#66DE96", "name": "Financial Measure 0.9988715295", "size": 0.9988715295}, {"colour": "#66DE96", "name": "Wellness Measure 0.292425125", "size": 0.292425125}]}, {"name": "EC441", "children": [{"colour": "#66DE96", "name": "Financial Measure 0.9999393242", "size": 0.9999393242}, {"colour": "#66DE96", "name": "Wellness Measure 0.207467727", "size": 0.207467727}]}, {"name": "EC442", "children": [{"colour": "#66DE96", "name": "Financial Measure 1.0", "size": 1.0}, {"colour": "#66DE96", "name": "Wellness Measure 0.163978758", "size": 0.163978758}]}, {"name": "EC443", "children": [{"colour": "#66DE96", "name": "Financial Measure 0.9998990187", "size": 0.9998990187000001}, {"colour": "#66DE96", "name": "Wellness Measure 0.092283048", "size": 0.092283048}]}, {"name": "EC444", "children": [{"colour": "#66DE96", "name": "Financial Measure 0.994393763", "size": 0.9943937629999999}, {"colour": "#66DE96", "name": "Wellness Measure 0.086652323", "size": 0.086652323}]}, {"name": "KZN211", "children": [{"colour": "#ACACE6", "name": "Financial Measure 0.9996453936", "size": 0.9996453936}, {"colour": "#ACACE6", "name": "Wellness Measure 0.137627185", "size": 0.137627185}]}, {"name": "KZN212", "children": [{"colour": "#ACACE6", "name": "Financial Measure 0.9998307525", "size": 0.9998307525}, {"colour": "#ACACE6", "name": "Wellness Measure 0.423631368", "size": 0.42363136799999995}]}, {"name": "KZN213", "children": [{"colour": "#ACACE6", "name": "Financial Measure 0.9999993842", "size": 0.9999993842}, {"colour": "#ACACE6", "name": "Wellness Measure 0.163696435", "size": 0.163696435}]}, {"name": "KZN214", "children": [{"colour": "#ACACE6", "name": "Financial Measure 0.9996017802", "size": 0.9996017802}, {"colour": "#ACACE6", "name": "Wellness Measure 0.195796584", "size": 0.195796584}]}, {"name": "KZN215", "children": [{"colour": "#ACACE6", "name": "Financial Measure 0.9999938702", "size": 0.9999938702}, {"colour": "#ACACE6", "name": "Wellness Measure 0.230456816", "size": 0.230456816}]}, {"name": "KZN216", "children": [{"colour": "#ACACE6", "name": "Financial Measure 0.9999941841", "size": 0.9999941841}, {"colour": "#ACACE6", "name": "Wellness Measure 0.40163107", "size": 0.40163107}]}, {"name": "KZN221", "children": [{"colour": "#ACACE6", "name": "Financial Measure 0.9998759709", "size": 0.9998759709}, {"colour": "#ACACE6", "name": "Wellness Measure 0.34780786", "size": 0.34780786}]}, {"name": "KZN223", "children": [{"colour": "#ACACE6", "name": "Financial Measure 0.9993859012", "size": 0.9993859012}, {"colour": "#ACACE6", "name": "Wellness Measure 0.396058203", "size": 0.396058203}]}, {"name": "KZN224", "children": [{"colour": "#ACACE6", "name": "Financial Measure 0.9999135284", "size": 0.9999135284}, {"colour": "#ACACE6", "name": "Wellness Measure 0.269331163", "size": 0.269331163}]}, {"name": "KZN226", "children": [{"colour": "#ACACE6", "name": "Financial Measure 0.9996728789", "size": 0.9996728789}, {"colour": "#ACACE6", "name": "Wellness Measure 0.318003798", "size": 0.318003798}]}, {"name": "KZN227", "children": [{"colour": "#ACACE6", "name": "Financial Measure 0.9999823357", "size": 0.9999823357}, {"colour": "#ACACE6", "name": "Wellness Measure 0.308575322", "size": 0.308575322}]}, {"name": "KZN232", "children": [{"colour": "#ACACE6", "name": "Financial Measure 0.9999997786", "size": 0.9999997786}, {"colour": "#ACACE6", "name": "Wellness Measure 0.464493907", "size": 0.46449390700000004}]}, {"name": "KZN233", "children": [{"colour": "#ACACE6", "name": "Financial Measure 0.9996952541", "size": 0.9996952540999999}, {"colour": "#ACACE6", "name": "Wellness Measure 0.267951237", "size": 0.267951237}]}, {"name": "KZN234", "children": [{"colour": "#ACACE6", "name": "Financial Measure 0.9997283569", "size": 0.9997283569}, {"colour": "#ACACE6", "name": "Wellness Measure 0.393888628", "size": 0.39388862799999996}]}, {"name": "KZN235", "children": [{"colour": "#ACACE6", "name": "Financial Measure 0.999880036", "size": 0.999880036}, {"colour": "#ACACE6", "name": "Wellness Measure 0.223229441", "size": 0.22322944100000003}]}, {"name": "KZN236", "children": [{"colour": "#ACACE6", "name": "Financial Measure 0.9999977368", "size": 0.9999977368}, {"colour": "#ACACE6", "name": "Wellness Measure 0.168681049", "size": 0.16868104899999997}]}, {"name": "KZN242", "children": [{"colour": "#ACACE6", "name": "Financial Measure 0.999925216", "size": 0.999925216}, {"colour": "#ACACE6", "name": "Wellness Measure 0.230998403", "size": 0.23099840300000002}]}, {"name": "KZN244", "children": [{"colour": "#ACACE6", "name": "Financial Measure 0.9994466308", "size": 0.9994466308}, {"colour": "#ACACE6", "name": "Wellness Measure 0.108787589", "size": 0.108787589}]}, {"name": "KZN245", "children": [{"colour": "#ACACE6", "name": "Financial Measure 0.9996378967", "size": 0.9996378967}, {"colour": "#ACACE6", "name": "Wellness Measure 0.237195056", "size": 0.23719505600000002}]}, {"name": "KZN253", "children": [{"colour": "#ACACE6", "name": "Financial Measure 0.9997005032", "size": 0.9997005031999999}, {"colour": "#ACACE6", "name": "Wellness Measure 0.226222423", "size": 0.226222423}]}, {"name": "KZN254", "children": [{"colour": "#ACACE6", "name": "Financial Measure 0.9999159438", "size": 0.9999159437999999}, {"colour": "#ACACE6", "name": "Wellness Measure 0.319387383", "size": 0.319387383}]}, {"name": "KZN261", "children": [{"colour": "#ACACE6", "name": "Financial Measure 0.9978574941", "size": 0.9978574940999999}, {"colour": "#ACACE6", "name": "Wellness Measure 0.290111406", "size": 0.290111406}]}, {"name": "KZN262", "children": [{"colour": "#ACACE6", "name": "Financial Measure 0.9990312242", "size": 0.9990312242}, {"colour": "#ACACE6", "name": "Wellness Measure 0.303892511", "size": 0.30389251100000003}]}, {"name": "KZN263", "children": [{"colour": "#ACACE6", "name": "Financial Measure 0.9991702402", "size": 0.9991702402}, {"colour": "#ACACE6", "name": "Wellness Measure 0.429414515", "size": 0.429414515}]}, {"name": "KZN265", "children": [{"colour": "#ACACE6", "name": "Financial Measure 0.9995398453", "size": 0.9995398453000001}, {"colour": "#ACACE6", "name": "Wellness Measure 0.250833701", "size": 0.250833701}]}, {"name": "KZN266", "children": [{"colour": "#ACACE6", "name": "Financial Measure 0.9991916369", "size": 0.9991916369}, {"colour": "#ACACE6", "name": "Wellness Measure 0.318480203", "size": 0.318480203}]}, {"name": "KZN271", "children": [{"colour": "#ACACE6", "name": "Financial Measure 0.9999155189", "size": 0.9999155189}, {"colour": "#ACACE6", "name": "Wellness Measure 0.113605052", "size": 0.113605052}]}, {"name": "KZN272", "children": [{"colour": "#ACACE6", "name": "Financial Measure 0.9981214885", "size": 0.9981214884999999}, {"colour": "#ACACE6", "name": "Wellness Measure 0.155775646", "size": 0.155775646}]}, {"name": "KZN273", "children": [{"colour": "#ACACE6", "name": "Financial Measure 0.9990487873", "size": 0.9990487873}, {"colour": "#ACACE6", "name": "Wellness Measure 0.204504908", "size": 0.204504908}]}, {"name": "KZN274", "children": [{"colour": "#ACACE6", "name": "Financial Measure 0.99411752", "size": 0.99411752}, {"colour": "#ACACE6", "name": "Wellness Measure 0.18346862", "size": 0.18346862}]}, {"name": "KZN275", "children": [{"colour": "#ACACE6", "name": "Financial Measure 0.9993485892", "size": 0.9993485892}, {"colour": "#ACACE6", "name": "Wellness Measure 0.307443353", "size": 0.30744335300000003}]}, {"name": "KZN281", "children": [{"colour": "#ACACE6", "name": "Financial Measure 0.9979428948", "size": 0.9979428948000001}, {"colour": "#ACACE6", "name": "Wellness Measure 0.318850782", "size": 0.318850782}]}, {"name": "KZN283", "children": [{"colour": "#ACACE6", "name": "Financial Measure 0.9998603036", "size": 0.9998603036}, {"colour": "#ACACE6", "name": "Wellness Measure 0.195505988", "size": 0.19550598800000002}]}, {"name": "KZN284", "children": [{"colour": "#ACACE6", "name": "Financial Measure 0.9997106134", "size": 0.9997106134}, {"colour": "#ACACE6", "name": "Wellness Measure 0.266423736", "size": 0.266423736}]}, {"name": "KZN285", "children": [{"colour": "#ACACE6", "name": "Financial Measure 0.9995348756", "size": 0.9995348756}, {"colour": "#ACACE6", "name": "Wellness Measure 0.269725849", "size": 0.26972584899999996}]}, {"name": "KZN286", "children": [{"colour": "#ACACE6", "name": "Financial Measure 0.9993360611", "size": 0.9993360611}, {"colour": "#ACACE6", "name": "Wellness Measure 0.217430866", "size": 0.21743086600000003}]}, {"name": "KZN291", "children": [{"colour": "#ACACE6", "name": "Financial Measure 0.9995277216", "size": 0.9995277215999999}, {"colour": "#ACACE6", "name": "Wellness Measure 0.381279343", "size": 0.381279343}]}, {"name": "KZN292", "children": [{"colour": "#ACACE6", "name": "Financial Measure 0.9996468791", "size": 0.9996468790999999}, {"colour": "#ACACE6", "name": "Wellness Measure 0.432518184", "size": 0.43251818399999997}]}, {"name": "KZN293", "children": [{"colour": "#ACACE6", "name": "Financial Measure 0.9997317102", "size": 0.9997317102}, {"colour": "#ACACE6", "name": "Wellness Measure 0.209517717", "size": 0.209517717}]}, {"name": "KZN294", "children": [{"colour": "#ACACE6", "name": "Financial Measure 0.9984539756", "size": 0.9984539756}, {"colour": "#ACACE6", "name": "Wellness Measure 0.137163337", "size": 0.137163337}]}, {"name": "KZN431", "children": [{"colour": "#ACACE6", "name": "Financial Measure 0.9990558096", "size": 0.9990558096}, {"colour": "#ACACE6", "name": "Wellness Measure 0.153395638", "size": 0.153395638}]}, {"name": "KZN432", "children": [{"colour": "#ACACE6", "name": "Financial Measure 0.9988421087", "size": 0.9988421087}, {"colour": "#ACACE6", "name": "Wellness Measure 0.338949879", "size": 0.338949879}]}, {"name": "KZN434", "children": [{"colour": "#ACACE6", "name": "Financial Measure 0.9998246182", "size": 0.9998246181999999}, {"colour": "#ACACE6", "name": "Wellness Measure 0.129693148", "size": 0.129693148}]}, {"name": "KZN435", "children": [{"colour": "#ACACE6", "name": "Financial Measure 0.9999428671", "size": 0.9999428670999999}, {"colour": "#ACACE6", "name": "Wellness Measure 0.164096014", "size": 0.164096014}]}, {"name": "LIM331", "children": [{"colour": "#00BCD4", "name": "Financial Measure 0.9995272459", "size": 0.9995272459000001}, {"colour": "#00BCD4", "name": "Wellness Measure 0.190041147", "size": 0.190041147}]}, {"name": "LIM332", "children": [{"colour": "#00BCD4", "name": "Financial Measure 0.9975831564", "size": 0.9975831564000001}, {"colour": "#00BCD4", "name": "Wellness Measure 0.212933092", "size": 0.212933092}]}, {"name": "LIM333", "children": [{"colour": "#00BCD4", "name": "Financial Measure 0.999546741", "size": 0.999546741}, {"colour": "#00BCD4", "name": "Wellness Measure 0.270043402", "size": 0.270043402}]}, {"name": "LIM334", "children": [{"colour": "#00BCD4", "name": "Financial Measure 0.9993884794", "size": 0.9993884794}, {"colour": "#00BCD4", "name": "Wellness Measure 0.466992056", "size": 0.466992056}]}, {"name": "LIM335", "children": [{"colour": "#00BCD4", "name": "Financial Measure 0.9998600986", "size": 0.9998600986}, {"colour": "#00BCD4", "name": "Wellness Measure 0.188822688", "size": 0.18882268800000002}]}, {"name": "LIM342", "children": [{"colour": "#00BCD4", "name": "Financial Measure 0.999860748", "size": 0.999860748}, {"colour": "#00BCD4", "name": "Wellness Measure 0.115007101", "size": 0.115007101}]}, {"name": "LIM343", "children": [{"colour": "#00BCD4", "name": "Financial Measure 0.9998825262", "size": 0.9998825262000001}, {"colour": "#00BCD4", "name": "Wellness Measure 0.239445889", "size": 0.239445889}]}, {"name": "LIM344", "children": [{"colour": "#00BCD4", "name": "Financial Measure 0.9994832468", "size": 0.9994832468000001}, {"colour": "#00BCD4", "name": "Wellness Measure 0.227599913", "size": 0.22759991300000001}]}, {"name": "LIM351", "children": [{"colour": "#00BCD4", "name": "Financial Measure 0.9985651258", "size": 0.9985651258}, {"colour": "#00BCD4", "name": "Wellness Measure 0.196902993", "size": 0.196902993}]}, {"name": "LIM352", "children": [{"colour": "#00BCD4", "name": "Financial Measure 0.9996141299", "size": 0.9996141299}, {"colour": "#00BCD4", "name": "Wellness Measure 0.303450573", "size": 0.303450573}]}, {"name": "LIM353", "children": [{"colour": "#00BCD4", "name": "Financial Measure 0.999781852", "size": 0.999781852}, {"colour": "#00BCD4", "name": "Wellness Measure 0.359514975", "size": 0.359514975}]}, {"name": "LIM354", "children": [{"colour": "#00BCD4", "name": "Financial Measure 0.9991200602", "size": 0.9991200602}, {"colour": "#00BCD4", "name": "Wellness Measure 0.489700904", "size": 0.489700904}]}, {"name": "LIM355", "children": [{"colour": "#00BCD4", "name": "Financial Measure 0.9996439303", "size": 0.9996439303}, {"colour": "#00BCD4", "name": "Wellness Measure 0.320057987", "size": 0.320057987}]}, {"name": "LIM362", "children": [{"colour": "#00BCD4", "name": "Financial Measure 0.9994977061", "size": 0.9994977061}, {"colour": "#00BCD4", "name": "Wellness Measure 0.427335483", "size": 0.42733548299999996}]}, {"name": "LIM367", "children": [{"colour": "#00BCD4", "name": "Financial Measure 0.9987413445", "size": 0.9987413445000001}, {"colour": "#00BCD4", "name": "Wellness Measure 0.355437846", "size": 0.355437846}]}, {"name": "LIM471", "children": [{"colour": "#00BCD4", "name": "Financial Measure 0.9991857907", "size": 0.9991857906999999}, {"colour": "#00BCD4", "name": "Wellness Measure 0.298786259", "size": 0.298786259}]}, {"name": "LIM472", "children": [{"colour": "#00BCD4", "name": "Financial Measure 0.9995244381", "size": 0.9995244381}, {"colour": "#00BCD4", "name": "Wellness Measure 0.305943266", "size": 0.305943266}]}, {"name": "LIM473", "children": [{"colour": "#00BCD4", "name": "Financial Measure 0.9993772081", "size": 0.9993772081}, {"colour": "#00BCD4", "name": "Wellness Measure 0.205748266", "size": 0.205748266}]}, {"name": "LIM474", "children": [{"colour": "#00BCD4", "name": "Financial Measure 0.9999993632", "size": 0.9999993631999999}, {"colour": "#00BCD4", "name": "Wellness Measure 0.220378493", "size": 0.220378493}]}, {"name": "LIM475", "children": [{"colour": "#00BCD4", "name": "Financial Measure 0.9986289793", "size": 0.9986289793}, {"colour": "#00BCD4", "name": "Wellness Measure 0.214294231", "size": 0.214294231}]}, {"name": "MP301", "children": [{"colour": "#5D8E86", "name": "Financial Measure 0.9986983173", "size": 0.9986983173}, {"colour": "#5D8E86", "name": "Wellness Measure 0.353657969", "size": 0.35365796899999996}]}, {"name": "MP303", "children": [{"colour": "#5D8E86", "name": "Financial Measure 0.9971992457", "size": 0.9971992457}, {"colour": "#5D8E86", "name": "Wellness Measure 0.336702693", "size": 0.336702693}]}, {"name": "MP304", "children": [{"colour": "#5D8E86", "name": "Financial Measure 0.999715073", "size": 0.999715073}, {"colour": "#5D8E86", "name": "Wellness Measure 0.487936867", "size": 0.48793686700000005}]}, {"name": "MP315", "children": [{"colour": "#5D8E86", "name": "Financial Measure 0.9984490049", "size": 0.9984490049}, {"colour": "#5D8E86", "name": "Wellness Measure 0.472269614", "size": 0.472269614}]}, {"name": "MP316", "children": [{"colour": "#5D8E86", "name": "Financial Measure 0.9986977735", "size": 0.9986977734999999}, {"colour": "#5D8E86", "name": "Wellness Measure 0.399915125", "size": 0.399915125}]}, {"name": "MP322", "children": [{"colour": "#5D8E86", "name": "Financial Measure 0.9995394536", "size": 0.9995394536}, {"colour": "#5D8E86", "name": "Wellness Measure 0.474942701", "size": 0.474942701}]}, {"name": "MP324", "children": [{"colour": "#5D8E86", "name": "Financial Measure 0.9990247975", "size": 0.9990247975}, {"colour": "#5D8E86", "name": "Wellness Measure 0.353594572", "size": 0.35359457200000005}]}, {"name": "MP325", "children": [{"colour": "#5D8E86", "name": "Financial Measure 0.9993359904", "size": 0.9993359904000001}, {"colour": "#5D8E86", "name": "Wellness Measure 0.277435283", "size": 0.27743528300000003}]}, {"name": "NC451", "children": [{"colour": "#C9BBB5", "name": "Financial Measure 0.9980818207", "size": 0.9980818207}, {"colour": "#C9BBB5", "name": "Wellness Measure 0.16135296", "size": 0.16135296}]}, {"name": "NC452", "children": [{"colour": "#C9BBB5", "name": "Financial Measure 0.9987029377", "size": 0.9987029377}, {"colour": "#C9BBB5", "name": "Wellness Measure 0.371632322", "size": 0.371632322}]}, {"name": "NW371", "children": [{"colour": "#ED854C", "name": "Financial Measure 0.9990758636", "size": 0.9990758636}, {"colour": "#ED854C", "name": "Wellness Measure 0.399557094", "size": 0.399557094}]}, {"name": "NW372", "children": [{"colour": "#ED854C", "name": "Financial Measure 0.9971396013", "size": 0.9971396012999999}, {"colour": "#ED854C", "name": "Wellness Measure 0.482167728", "size": 0.48216772799999996}]}, {"name": "NW375", "children": [{"colour": "#ED854C", "name": "Financial Measure 0.9993875959", "size": 0.9993875959}, {"colour": "#ED854C", "name": "Wellness Measure 0.377500789", "size": 0.377500789}]}, {"name": "NW381", "children": [{"colour": "#ED854C", "name": "Financial Measure 0.9995701126", "size": 0.9995701126000001}, {"colour": "#ED854C", "name": "Wellness Measure 0.179427048", "size": 0.179427048}]}, {"name": "NW382", "children": [{"colour": "#ED854C", "name": "Financial Measure 0.9988173698", "size": 0.9988173698}, {"colour": "#ED854C", "name": "Wellness Measure 0.415321375", "size": 0.415321375}]}, {"name": "NW383", "children": [{"colour": "#ED854C", "name": "Financial Measure 0.9985234276", "size": 0.9985234276}, {"colour": "#ED854C", "name": "Wellness Measure 0.436914872", "size": 0.436914872}]}, {"name": "NW384", "children": [{"colour": "#ED854C", "name": "Financial Measure 0.9995942626", "size": 0.9995942626000001}, {"colour": "#ED854C", "name": "Wellness Measure 0.491269076", "size": 0.491269076}]}, {"name": "NW385", "children": [{"colour": "#ED854C", "name": "Financial Measure 0.998273653", "size": 0.9982736529999999}, {"colour": "#ED854C", "name": "Wellness Measure 0.356733321", "size": 0.356733321}]}, {"name": "NW394", "children": [{"colour": "#ED854C", "name": "Financial Measure 0.9983255549", "size": 0.9983255549}, {"colour": "#ED854C", "name": "Wellness Measure 0.266046004", "size": 0.266046004}]}, {"name": "NW397", "children": [{"colour": "#ED854C", "name": "Financial Measure 0.9985083286", "size": 0.9985083285999999}, {"colour": "#ED854C", "name": "Wellness Measure 0.242138472", "size": 0.242138472}]}, {"name": "NW401", "children": [{"colour": "#ED854C", "name": "Financial Measure 0.9986665243", "size": 0.9986665243}, {"colour": "#ED854C", "name": "Wellness Measure 0.465944808", "size": 0.465944808}]}]}]}