{"name": "flare", "children": [{"name": 1, "children": [{"name": "BUF", "children": [{"colour": "#66DE96", "name": "Financial Measure 0.9996136118", "size": 0.9996136118000001}, {"colour": "#66DE96", "name": "Wellness Measure 0.574703629", "size": 0.5747036289999999}]}, {"name": "CPT", "children": [{"colour": "#E5DC8D", "name": "Financial Measure 0.9999977625", "size": 0.9999977625}, {"colour": "#E5DC8D", "name": "Wellness Measure 0.708695779", "size": 0.708695779}]}, {"name": "DC1", "children": [{"colour": "#E5DC8D", "name": "Financial Measure 1.0", "size": 1.0}, {"colour": "#E5DC8D", "name": "Wellness Measure 0.712713918", "size": 0.712713918}]}, {"name": "DC10", "children": [{"colour": "#66DE96", "name": "Financial Measure 0.999573507", "size": 0.999573507}, {"colour": "#66DE96", "name": "Wellness Measure 0.661455687", "size": 0.661455687}]}, {"name": "DC16", "children": [{"colour": "#E6BE8A", "name": "Financial Measure 0.9992231653", "size": 0.9992231653}, {"colour": "#E6BE8A", "name": "Wellness Measure 0.682325053", "size": 0.682325053}]}, {"name": "DC18", "children": [{"colour": "#E6BE8A", "name": "Financial Measure 0.9994816285", "size": 0.9994816284999999}, {"colour": "#E6BE8A", "name": "Wellness Measure 0.684813125", "size": 0.684813125}]}, {"name": "DC19", "children": [{"colour": "#E6BE8A", "name": "Financial Measure 0.9998023372", "size": 0.9998023372}, {"colour": "#E6BE8A", "name": "Wellness Measure 0.571394359", "size": 0.571394359}]}, {"name": "DC2", "children": [{"colour": "#E5DC8D", "name": "Financial Measure 0.9971245979", "size": 0.9971245979000001}, {"colour": "#E5DC8D", "name": "Wellness Measure 0.713670908", "size": 0.713670908}]}, {"name": "DC20", "children": [{"colour": "#E6BE8A", "name": "Financial Measure 0.9999729906", "size": 0.9999729906}, {"colour": "#E6BE8A", "name": "Wellness Measure 0.676326331", "size": 0.676326331}]}, {"name": "DC22", "children": [{"colour": "#ACACE6", "name": "Financial Measure 0.9999972676", "size": 0.9999972676000001}, {"colour": "#ACACE6", "name": "Wellness Measure 0.520866911", "size": 0.520866911}]}, {"name": "DC25", "children": [{"colour": "#ACACE6", "name": "Financial Measure 0.9984274939", "size": 0.9984274939}, {"colour": "#ACACE6", "name": "Wellness Measure 0.554208906", "size": 0.5542089060000001}]}, {"name": "DC3", "children": [{"colour": "#E5DC8D", "name": "Financial Measure 0.9996132628", "size": 0.9996132628}, {"colour": "#E5DC8D", "name": "Wellness Measure 0.680925555", "size": 0.680925555}]}, {"name": "DC30", "children": [{"colour": "#5D8E86", "name": "Financial Measure 0.9994905643", "size": 0.9994905643}, {"colour": "#5D8E86", "name": "Wellness Measure 0.538534472", "size": 0.538534472}]}, {"name": "DC31", "children": [{"colour": "#5D8E86", "name": "Financial Measure 0.9998326164", "size": 0.9998326164}, {"colour": "#5D8E86", "name": "Wellness Measure 0.538256843", "size": 0.538256843}]}, {"name": "DC4", "children": [{"colour": "#E5DC8D", "name": "Financial Measure 0.9998906599", "size": 0.9998906598999999}, {"colour": "#E5DC8D", "name": "Wellness Measure 0.706404335", "size": 0.706404335}]}, {"name": "DC40", "children": [{"colour": "#ED854C", "name": "Financial Measure 0.9996137276", "size": 0.9996137276}, {"colour": "#ED854C", "name": "Wellness Measure 0.689395456", "size": 0.689395456}]}, {"name": "DC42", "children": [{"colour": "#FF7777", "name": "Financial Measure 1.0", "size": 1.0}, {"colour": "#FF7777", "name": "Wellness Measure 0.713566072", "size": 0.713566072}]}, {"name": "DC48", "children": [{"colour": "#FF7777", "name": "Financial Measure 0.9994920606", "size": 0.9994920606000001}, {"colour": "#FF7777", "name": "Wellness Measure 0.63475284", "size": 0.63475284}]}, {"name": "DC5", "children": [{"colour": "#E5DC8D", "name": "Financial Measure 0.9997855603", "size": 0.9997855603}, {"colour": "#E5DC8D", "name": "Wellness Measure 0.718852518", "size": 0.7188525179999999}]}, {"name": "DC6", "children": [{"colour": "#C9BBB5", "name": "Financial Measure 0.9999053411", "size": 0.9999053411}, {"colour": "#C9BBB5", "name": "Wellness Measure 0.68193479", "size": 0.68193479}]}, {"name": "DC7", "children": [{"colour": "#C9BBB5", "name": "Financial Measure 0.9993980653", "size": 0.9993980653}, {"colour": "#C9BBB5", "name": "Wellness Measure 0.660349775", "size": 0.660349775}]}, {"name": "DC8", "children": [{"colour": "#C9BBB5", "name": "Financial Measure 0.9991123142", "size": 0.9991123142}, {"colour": "#C9BBB5", "name": "Wellness Measure 0.633034743", "size": 0.633034743}]}, {"name": "DC9", "children": [{"colour": "#C9BBB5", "name": "Financial Measure 0.9997105761", "size": 0.9997105761}, {"colour": "#C9BBB5", "name": "Wellness Measure 0.665701277", "size": 0.665701277}]}, {"name": "EC101", "children": [{"colour": "#66DE96", "name": "Financial Measure 1.0", "size": 1.0}, {"colour": "#66DE96", "name": "Wellness Measure 0.725868116", "size": 0.7258681159999999}]}, {"name": "EC102", "children": [{"colour": "#66DE96", "name": "Financial Measure 0.9995585793", "size": 0.9995585793}, {"colour": "#66DE96", "name": "Wellness Measure 0.666878204", "size": 0.666878204}]}, {"name": "EC103", "children": [{"colour": "#66DE96", "name": "Financial Measure 0.9976490361", "size": 0.9976490361}, {"colour": "#66DE96", "name": "Wellness Measure 0.648199708", "size": 0.6481997079999999}]}, {"name": "EC104", "children": [{"colour": "#66DE96", "name": "Financial Measure 0.9999268143", "size": 0.9999268143000001}, {"colour": "#66DE96", "name": "Wellness Measure 0.662546256", "size": 0.6625462560000001}]}, {"name": "EC105", "children": [{"colour": "#66DE96", "name": "Financial Measure 0.9984785995", "size": 0.9984785995000001}, {"colour": "#66DE96", "name": "Wellness Measure 0.559584124", "size": 0.559584124}]}, {"name": "EC106", "children": [{"colour": "#66DE96", "name": "Financial Measure 0.9989563013", "size": 0.9989563012999999}, {"colour": "#66DE96", "name": "Wellness Measure 0.561393827", "size": 0.5613938270000001}]}, {"name": "EC107", "children": [{"colour": "#66DE96", "name": "Financial Measure 0.9992959522", "size": 0.9992959522}, {"colour": "#66DE96", "name": "Wellness Measure 0.613080476", "size": 0.613080476}]}, {"name": "EC108", "children": [{"colour": "#66DE96", "name": "Financial Measure 0.9988216846", "size": 0.9988216846}, {"colour": "#66DE96", "name": "Wellness Measure 0.618250601", "size": 0.6182506010000001}]}, {"name": "EC109", "children": [{"colour": "#66DE96", "name": "Financial Measure 0.9982095308", "size": 0.9982095308}, {"colour": "#66DE96", "name": "Wellness Measure 0.649586383", "size": 0.6495863829999999}]}, {"name": "EC128", "children": [{"colour": "#66DE96", "name": "Financial Measure 0.9999352049", "size": 0.9999352049}, {"colour": "#66DE96", "name": "Wellness Measure 0.640634868", "size": 0.640634868}]}, {"name": "EC131", "children": [{"colour": "#66DE96", "name": "Financial Measure 0.9998947106", "size": 0.9998947106}, {"colour": "#66DE96", "name": "Wellness Measure 0.697655679", "size": 0.697655679}]}, {"name": "EC133", "children": [{"colour": "#66DE96", "name": "Financial Measure 0.9988040796", "size": 0.9988040796}, {"colour": "#66DE96", "name": "Wellness Measure 0.677260337", "size": 0.677260337}]}, {"name": "EC134", "children": [{"colour": "#66DE96", "name": "Financial Measure 0.9997734628", "size": 0.9997734628}, {"colour": "#66DE96", "name": "Wellness Measure 0.5887349", "size": 0.5887349000000001}]}, {"name": "EC143", "children": [{"colour": "#66DE96", "name": "Financial Measure 0.9986743017", "size": 0.9986743017}, {"colour": "#66DE96", "name": "Wellness Measure 0.619844662", "size": 0.619844662}]}, {"name": "EC144", "children": [{"colour": "#66DE96", "name": "Financial Measure 0.9976755973", "size": 0.9976755973}, {"colour": "#66DE96", "name": "Wellness Measure 0.647072577", "size": 0.647072577}]}, {"name": "EKU", "children": [{"colour": "#FF7777", "name": "Financial Measure 0.9999334448", "size": 0.9999334448}, {"colour": "#FF7777", "name": "Wellness Measure 0.680643316", "size": 0.6806433159999999}]}, {"name": "ETH", "children": [{"colour": "#ACACE6", "name": "Financial Measure 0.9998335136", "size": 0.9998335136}, {"colour": "#ACACE6", "name": "Wellness Measure 0.626096942", "size": 0.626096942}]}, {"name": "FS161", "children": [{"colour": "#E6BE8A", "name": "Financial Measure 0.9981788491", "size": 0.9981788491}, {"colour": "#E6BE8A", "name": "Wellness Measure 0.650471416", "size": 0.650471416}]}, {"name": "FS162", "children": [{"colour": "#E6BE8A", "name": "Financial Measure 0.9969157405", "size": 0.9969157405}, {"colour": "#E6BE8A", "name": "Wellness Measure 0.673422829", "size": 0.6734228290000001}]}, {"name": "FS163", "children": [{"colour": "#E6BE8A", "name": "Financial Measure 0.9978644492", "size": 0.9978644492000001}, {"colour": "#E6BE8A", "name": "Wellness Measure 0.632096414", "size": 0.6320964139999999}]}, {"name": "FS164", "children": [{"colour": "#E6BE8A", "name": "Financial Measure 0.9982860191", "size": 0.9982860190999999}, {"colour": "#E6BE8A", "name": "Wellness Measure 0.675822814", "size": 0.6758228140000001}]}, {"name": "FS181", "children": [{"colour": "#E6BE8A", "name": "Financial Measure 0.9959830173", "size": 0.9959830173}, {"colour": "#E6BE8A", "name": "Wellness Measure 0.649809488", "size": 0.6498094879999999}]}, {"name": "FS182", "children": [{"colour": "#E6BE8A", "name": "Financial Measure 0.9979977215", "size": 0.9979977215000001}, {"colour": "#E6BE8A", "name": "Wellness Measure 0.505759785", "size": 0.505759785}]}, {"name": "FS183", "children": [{"colour": "#E6BE8A", "name": "Financial Measure 0.9998465479", "size": 0.9998465479}, {"colour": "#E6BE8A", "name": "Wellness Measure 0.672778524", "size": 0.672778524}]}, {"name": "FS184", "children": [{"colour": "#E6BE8A", "name": "Financial Measure 0.9955521503", "size": 0.9955521503}, {"colour": "#E6BE8A", "name": "Wellness Measure 0.68203028", "size": 0.68203028}]}, {"name": "FS185", "children": [{"colour": "#E6BE8A", "name": "Financial Measure 1.0", "size": 1.0}, {"colour": "#E6BE8A", "name": "Wellness Measure 0.637097948", "size": 0.637097948}]}, {"name": "FS191", "children": [{"colour": "#E6BE8A", "name": "Financial Measure 0.9998252902", "size": 0.9998252902}, {"colour": "#E6BE8A", "name": "Wellness Measure 0.595088218", "size": 0.595088218}]}, {"name": "FS192", "children": [{"colour": "#E6BE8A", "name": "Financial Measure 0.9994059363", "size": 0.9994059363}, {"colour": "#E6BE8A", "name": "Wellness Measure 0.612852174", "size": 0.612852174}]}, {"name": "FS193", "children": [{"colour": "#E6BE8A", "name": "Financial Measure 0.9994036144", "size": 0.9994036144}, {"colour": "#E6BE8A", "name": "Wellness Measure 0.584591869", "size": 0.5845918689999999}]}, {"name": "FS194", "children": [{"colour": "#E6BE8A", "name": "Financial Measure 0.9999843212", "size": 0.9999843212}, {"colour": "#E6BE8A", "name": "Wellness Measure 0.512304692", "size": 0.5123046920000001}]}, {"name": "FS195", "children": [{"colour": "#E6BE8A", "name": "Financial Measure 0.997848258", "size": 0.997848258}, {"colour": "#E6BE8A", "name": "Wellness Measure 0.548109908", "size": 0.5481099079999999}]}, {"name": "FS196", "children": [{"colour": "#E6BE8A", "name": "Financial Measure 0.9996505063", "size": 0.9996505063}, {"colour": "#E6BE8A", "name": "Wellness Measure 0.638870691", "size": 0.638870691}]}, {"name": "FS201", "children": [{"colour": "#E6BE8A", "name": "Financial Measure 0.9995940746", "size": 0.9995940745999999}, {"colour": "#E6BE8A", "name": "Wellness Measure 0.693923669", "size": 0.693923669}]}, {"name": "FS203", "children": [{"colour": "#E6BE8A", "name": "Financial Measure 0.9998839187", "size": 0.9998839187}, {"colour": "#E6BE8A", "name": "Wellness Measure 0.648358414", "size": 0.6483584139999999}]}, {"name": "FS204", "children": [{"colour": "#E6BE8A", "name": "Financial Measure 0.9995025206", "size": 0.9995025206}, {"colour": "#E6BE8A", "name": "Wellness Measure 0.662229781", "size": 0.662229781}]}, {"name": "FS205", "children": [{"colour": "#E6BE8A", "name": "Financial Measure 0.999455092", "size": 0.999455092}, {"colour": "#E6BE8A", "name": "Wellness Measure 0.634771649", "size": 0.6347716489999999}]}, {"name": "GT421", "children": [{"colour": "#FF7777", "name": "Financial Measure 0.9999930314", "size": 0.9999930314}, {"colour": "#FF7777", "name": "Wellness Measure 0.720121079", "size": 0.7201210790000001}]}, {"name": "GT422", "children": [{"colour": "#FF7777", "name": "Financial Measure 1.0", "size": 1.0}, {"colour": "#FF7777", "name": "Wellness Measure 0.631948647", "size": 0.631948647}]}, {"name": "GT423", "children": [{"colour": "#FF7777", "name": "Financial Measure 0.9999219934", "size": 0.9999219934}, {"colour": "#FF7777", "name": "Wellness Measure 0.677683671", "size": 0.6776836709999999}]}, {"name": "GT481", "children": [{"colour": "#FF7777", "name": "Financial Measure 0.999755026", "size": 0.999755026}, {"colour": "#FF7777", "name": "Wellness Measure 0.674589613", "size": 0.674589613}]}, {"name": "GT482", "children": [{"colour": "#FF7777", "name": "Financial Measure 0.9997398329", "size": 0.9997398329}, {"colour": "#FF7777", "name": "Wellness Measure 0.654573095", "size": 0.654573095}]}, {"name": "GT483", "children": [{"colour": "#FF7777", "name": "Financial Measure 0.9996827278", "size": 0.9996827278}, {"colour": "#FF7777", "name": "Wellness Measure 0.506422704", "size": 0.506422704}]}, {"name": "GT484", "children": [{"colour": "#FF7777", "name": "Financial Measure 0.9999878786", "size": 0.9999878786}, {"colour": "#FF7777", "name": "Wellness Measure 0.633095269", "size": 0.633095269}]}, {"name": "JHB", "children": [{"colour": "#FF7777", "name": "Financial Measure 0.9998487674", "size": 0.9998487674}, {"colour": "#FF7777", "name": "Wellness Measure 0.705571209", "size": 0.705571209}]}, {"name": "KZN222", "children": [{"colour": "#ACACE6", "name": "Financial Measure 1.0", "size": 1.0}, {"colour": "#ACACE6", "name": "Wellness Measure 0.605455865", "size": 0.605455865}]}, {"name": "KZN225", "children": [{"colour": "#ACACE6", "name": "Financial Measure 0.9999512092", "size": 0.9999512092}, {"colour": "#ACACE6", "name": "Wellness Measure 0.601191534", "size": 0.601191534}]}, {"name": "KZN241", "children": [{"colour": "#ACACE6", "name": "Financial Measure 0.9998139553", "size": 0.9998139553000001}, {"colour": "#ACACE6", "name": "Wellness Measure 0.55602243", "size": 0.55602243}]}, {"name": "KZN252", "children": [{"colour": "#ACACE6", "name": "Financial Measure 0.9999348696", "size": 0.9999348695999999}, {"colour": "#ACACE6", "name": "Wellness Measure 0.590119459", "size": 0.590119459}]}, {"name": "KZN282", "children": [{"colour": "#ACACE6", "name": "Financial Measure 1.0", "size": 1.0}, {"colour": "#ACACE6", "name": "Wellness Measure 0.605877913", "size": 0.6058779129999999}]}, {"name": "KZN433", "children": [{"colour": "#ACACE6", "name": "Financial Measure 0.9990356346", "size": 0.9990356345999999}, {"colour": "#ACACE6", "name": "Wellness Measure 0.538938755", "size": 0.538938755}]}, {"name": "LIM341", "children": [{"colour": "#00BCD4", "name": "Financial Measure 0.9982505125", "size": 0.9982505125}, {"colour": "#00BCD4", "name": "Wellness Measure 0.548149806", "size": 0.548149806}]}, {"name": "LIM361", "children": [{"colour": "#00BCD4", "name": "Financial Measure 0.9968744202", "size": 0.9968744201999999}, {"colour": "#00BCD4", "name": "Wellness Measure 0.554204282", "size": 0.554204282}]}, {"name": "LIM364", "children": [{"colour": "#00BCD4", "name": "Financial Measure 0.9996361527", "size": 0.9996361527}, {"colour": "#00BCD4", "name": "Wellness Measure 0.611795979", "size": 0.6117959789999999}]}, {"name": "LIM365", "children": [{"colour": "#00BCD4", "name": "Financial Measure 0.9995478882", "size": 0.9995478882}, {"colour": "#00BCD4", "name": "Wellness Measure 0.57010887", "size": 0.57010887}]}, {"name": "LIM366", "children": [{"colour": "#00BCD4", "name": "Financial Measure 0.9995100574", "size": 0.9995100574}, {"colour": "#00BCD4", "name": "Wellness Measure 0.606324297", "size": 0.606324297}]}, {"name": "MAN", "children": [{"colour": "#E6BE8A", "name": "Financial Measure 0.9990129741", "size": 0.9990129741}, {"colour": "#E6BE8A", "name": "Wellness Measure 0.633151152", "size": 0.633151152}]}, {"name": "MP302", "children": [{"colour": "#5D8E86", "name": "Financial Measure 1.0", "size": 1.0}, {"colour": "#5D8E86", "name": "Wellness Measure 0.513021248", "size": 0.5130212479999999}]}, {"name": "MP305", "children": [{"colour": "#5D8E86", "name": "Financial Measure 0.9979898217", "size": 0.9979898217000001}, {"colour": "#5D8E86", "name": "Wellness Measure 0.671750998", "size": 0.6717509979999999}]}, {"name": "MP306", "children": [{"colour": "#5D8E86", "name": "Financial Measure 0.9985418477", "size": 0.9985418477}, {"colour": "#5D8E86", "name": "Wellness Measure 0.586584503", "size": 0.586584503}]}, {"name": "MP307", "children": [{"colour": "#5D8E86", "name": "Financial Measure 0.9995215537", "size": 0.9995215537000001}, {"colour": "#5D8E86", "name": "Wellness Measure 0.711624011", "size": 0.711624011}]}, {"name": "MP311", "children": [{"colour": "#5D8E86", "name": "Financial Measure 1.0", "size": 1.0}, {"colour": "#5D8E86", "name": "Wellness Measure 0.608824847", "size": 0.6088248470000001}]}, {"name": "MP312", "children": [{"colour": "#5D8E86", "name": "Financial Measure 0.9999263463", "size": 0.9999263463}, {"colour": "#5D8E86", "name": "Wellness Measure 0.613228586", "size": 0.613228586}]}, {"name": "MP313", "children": [{"colour": "#5D8E86", "name": "Financial Measure 0.9989878097", "size": 0.9989878097}, {"colour": "#5D8E86", "name": "Wellness Measure 0.638193217", "size": 0.638193217}]}, {"name": "MP314", "children": [{"colour": "#5D8E86", "name": "Financial Measure 0.9999280154", "size": 0.9999280154000001}, {"colour": "#5D8E86", "name": "Wellness Measure 0.516384779", "size": 0.516384779}]}, {"name": "MP321", "children": [{"colour": "#5D8E86", "name": "Financial Measure 0.9996831384", "size": 0.9996831384}, {"colour": "#5D8E86", "name": "Wellness Measure 0.568146441", "size": 0.568146441}]}, {"name": "MP323", "children": [{"colour": "#5D8E86", "name": "Financial Measure 0.9999964339", "size": 0.9999964339}, {"colour": "#5D8E86", "name": "Wellness Measure 0.533661051", "size": 0.533661051}]}, {"name": "NC061", "children": [{"colour": "#C9BBB5", "name": "Financial Measure 0.9998178222", "size": 0.9998178222}, {"colour": "#C9BBB5", "name": "Wellness Measure 0.698892666", "size": 0.698892666}]}, {"name": "NC062", "children": [{"colour": "#C9BBB5", "name": "Financial Measure 0.9986492501", "size": 0.9986492501}, {"colour": "#C9BBB5", "name": "Wellness Measure 0.685299264", "size": 0.6852992640000001}]}, {"name": "NC064", "children": [{"colour": "#C9BBB5", "name": "Financial Measure 0.9981523811", "size": 0.9981523811}, {"colour": "#C9BBB5", "name": "Wellness Measure 0.577967945", "size": 0.577967945}]}, {"name": "NC065", "children": [{"colour": "#C9BBB5", "name": "Financial Measure 0.9993182016", "size": 0.9993182016}, {"colour": "#C9BBB5", "name": "Wellness Measure 0.669744252", "size": 0.669744252}]}, {"name": "NC066", "children": [{"colour": "#C9BBB5", "name": "Financial Measure 1.0", "size": 1.0}, {"colour": "#C9BBB5", "name": "Wellness Measure 0.535635105", "size": 0.535635105}]}, {"name": "NC067", "children": [{"colour": "#C9BBB5", "name": "Financial Measure 0.9990094323", "size": 0.9990094323}, {"colour": "#C9BBB5", "name": "Wellness Measure 0.667551603", "size": 0.6675516029999999}]}, {"name": "NC071", "children": [{"colour": "#C9BBB5", "name": "Financial Measure 0.9989496819", "size": 0.9989496819}, {"colour": "#C9BBB5", "name": "Wellness Measure 0.651421812", "size": 0.651421812}]}, {"name": "NC072", "children": [{"colour": "#C9BBB5", "name": "Financial Measure 0.9984914154", "size": 0.9984914154000001}, {"colour": "#C9BBB5", "name": "Wellness Measure 0.658815738", "size": 0.6588157379999999}]}, {"name": "NC073", "children": [{"colour": "#C9BBB5", "name": "Financial Measure 0.9996420889", "size": 0.9996420889000001}, {"colour": "#C9BBB5", "name": "Wellness Measure 0.688452563", "size": 0.688452563}]}, {"name": "NC074", "children": [{"colour": "#C9BBB5", "name": "Financial Measure 0.999785368", "size": 0.999785368}, {"colour": "#C9BBB5", "name": "Wellness Measure 0.647292409", "size": 0.647292409}]}, {"name": "NC075", "children": [{"colour": "#C9BBB5", "name": "Financial Measure 0.9959627856", "size": 0.9959627856000001}, {"colour": "#C9BBB5", "name": "Wellness Measure 0.670223254", "size": 0.6702232539999999}]}, {"name": "NC076", "children": [{"colour": "#C9BBB5", "name": "Financial Measure 0.9972452137", "size": 0.9972452137000001}, {"colour": "#C9BBB5", "name": "Wellness Measure 0.55606452", "size": 0.55606452}]}, {"name": "NC077", "children": [{"colour": "#C9BBB5", "name": "Financial Measure 0.9975528342", "size": 0.9975528342000001}, {"colour": "#C9BBB5", "name": "Wellness Measure 0.657320763", "size": 0.657320763}]}, {"name": "NC078", "children": [{"colour": "#C9BBB5", "name": "Financial Measure 0.9992265589", "size": 0.9992265589}, {"colour": "#C9BBB5", "name": "Wellness Measure 0.59752436", "size": 0.59752436}]}, {"name": "NC081", "children": [{"colour": "#C9BBB5", "name": "Financial Measure 0.9989083144", "size": 0.9989083143999999}, {"colour": "#C9BBB5", "name": "Wellness Measure 0.558244948", "size": 0.558244948}]}, {"name": "NC082", "children": [{"colour": "#C9BBB5", "name": "Financial Measure 0.9979435745", "size": 0.9979435745}, {"colour": "#C9BBB5", "name": "Wellness Measure 0.614776383", "size": 0.6147763829999999}]}, {"name": "NC083", "children": [{"colour": "#C9BBB5", "name": "Financial Measure 0.9987705347", "size": 0.9987705347}, {"colour": "#C9BBB5", "name": "Wellness Measure 0.654904934", "size": 0.6549049339999999}]}, {"name": "NC084", "children": [{"colour": "#C9BBB5", "name": "Financial Measure 0.9984054579", "size": 0.9984054579}, {"colour": "#C9BBB5", "name": "Wellness Measure 0.528493431", "size": 0.528493431}]}, {"name": "NC085", "children": [{"colour": "#C9BBB5", "name": "Financial Measure 0.991640044", "size": 0.991640044}, {"colour": "#C9BBB5", "name": "Wellness Measure 0.63470947", "size": 0.63470947}]}, {"name": "NC086", "children": [{"colour": "#C9BBB5", "name": "Financial Measure 0.9992612843", "size": 0.9992612843}, {"colour": "#C9BBB5", "name": "Wellness Measure 0.712919717", "size": 0.712919717}]}, {"name": "NC091", "children": [{"colour": "#C9BBB5", "name": "Financial Measure 0.9999721669", "size": 0.9999721669}, {"colour": "#C9BBB5", "name": "Wellness Measure 0.67941982", "size": 0.67941982}]}, {"name": "NC092", "children": [{"colour": "#C9BBB5", "name": "Financial Measure 1.0", "size": 1.0}, {"colour": "#C9BBB5", "name": "Wellness Measure 0.611380922", "size": 0.611380922}]}, {"name": "NC093", "children": [{"colour": "#C9BBB5", "name": "Financial Measure 0.9992398987", "size": 0.9992398987000001}, {"colour": "#C9BBB5", "name": "Wellness Measure 0.672415791", "size": 0.6724157909999999}]}, {"name": "NC094", "children": [{"colour": "#C9BBB5", "name": "Financial Measure 0.9985478394", "size": 0.9985478394}, {"colour": "#C9BBB5", "name": "Wellness Measure 0.617156404", "size": 0.6171564039999999}]}, {"name": "NC453", "children": [{"colour": "#C9BBB5", "name": "Financial Measure 1.0", "size": 1.0}, {"colour": "#C9BBB5", "name": "Wellness Measure 0.694703773", "size": 0.694703773}]}, {"name": "NMA", "children": [{"colour": "#66DE96", "name": "Financial Measure 0.9996493188", "size": 0.9996493188}, {"colour": "#66DE96", "name": "Wellness Measure 0.704481382", "size": 0.704481382}]}, {"name": "NW373", "children": [{"colour": "#ED854C", "name": "Financial Measure 0.9989565041", "size": 0.9989565040999999}, {"colour": "#ED854C", "name": "Wellness Measure 0.589268442", "size": 0.5892684420000001}]}, {"name": "NW374", "children": [{"colour": "#ED854C", "name": "Financial Measure 0.9999984557", "size": 0.9999984556999999}, {"colour": "#ED854C", "name": "Wellness Measure 0.572742572", "size": 0.572742572}]}, {"name": "NW392", "children": [{"colour": "#ED854C", "name": "Financial Measure 0.9981349347", "size": 0.9981349347}, {"colour": "#ED854C", "name": "Wellness Measure 0.559354075", "size": 0.559354075}]}, {"name": "NW393", "children": [{"colour": "#ED854C", "name": "Financial Measure 0.9976337549", "size": 0.9976337549}, {"colour": "#ED854C", "name": "Wellness Measure 0.569519761", "size": 0.569519761}]}, {"name": "NW396", "children": [{"colour": "#ED854C", "name": "Financial Measure 0.9983474334", "size": 0.9983474334}, {"colour": "#ED854C", "name": "Wellness Measure 0.70853386", "size": 0.70853386}]}, {"name": "NW402", "children": [{"colour": "#ED854C", "name": "Financial Measure 0.9973467445", "size": 0.9973467445}, {"colour": "#ED854C", "name": "Wellness Measure 0.689715567", "size": 0.689715567}]}, {"name": "NW403", "children": [{"colour": "#ED854C", "name": "Financial Measure 0.9986203929", "size": 0.9986203929}, {"colour": "#ED854C", "name": "Wellness Measure 0.70493483", "size": 0.70493483}]}, {"name": "NW404", "children": [{"colour": "#ED854C", "name": "Financial Measure 0.9998373706", "size": 0.9998373706}, {"colour": "#ED854C", "name": "Wellness Measure 0.61481132", "size": 0.61481132}]}, {"name": "TSH", "children": [{"colour": "#FF7777", "name": "Financial Measure 0.9998152168", "size": 0.9998152168000001}, {"colour": "#FF7777", "name": "Wellness Measure 0.678458085", "size": 0.678458085}]}, {"name": "WC011", "children": [{"colour": "#E5DC8D", "name": "Financial Measure 0.9991333978", "size": 0.9991333978}, {"colour": "#E5DC8D", "name": "Wellness Measure 0.66451707", "size": 0.66451707}]}, {"name": "WC012", "children": [{"colour": "#E5DC8D", "name": "Financial Measure 0.9985319069", "size": 0.9985319068999999}, {"colour": "#E5DC8D", "name": "Wellness Measure 0.66809104", "size": 0.66809104}]}, {"name": "WC013", "children": [{"colour": "#E5DC8D", "name": "Financial Measure 0.9993598593", "size": 0.9993598593}, {"colour": "#E5DC8D", "name": "Wellness Measure 0.698942586", "size": 0.6989425859999999}]}, {"name": "WC014", "children": [{"colour": "#E5DC8D", "name": "Financial Measure 0.9999731372", "size": 0.9999731372}, {"colour": "#E5DC8D", "name": "Wellness Measure 0.706038112", "size": 0.706038112}]}, {"name": "WC015", "children": [{"colour": "#E5DC8D", "name": "Financial Measure 0.9999055446", "size": 0.9999055445999999}, {"colour": "#E5DC8D", "name": "Wellness Measure 0.70615472", "size": 0.70615472}]}, {"name": "WC022", "children": [{"colour": "#E5DC8D", "name": "Financial Measure 0.9998098801", "size": 0.9998098801}, {"colour": "#E5DC8D", "name": "Wellness Measure 0.692917136", "size": 0.6929171359999999}]}, {"name": "WC023", "children": [{"colour": "#E5DC8D", "name": "Financial Measure 0.999834263", "size": 0.999834263}, {"colour": "#E5DC8D", "name": "Wellness Measure 0.711611217", "size": 0.7116112170000001}]}, {"name": "WC024", "children": [{"colour": "#E5DC8D", "name": "Financial Measure 0.9999996003", "size": 0.9999996003}, {"colour": "#E5DC8D", "name": "Wellness Measure 0.71095056", "size": 0.71095056}]}, {"name": "WC025", "children": [{"colour": "#E5DC8D", "name": "Financial Measure 0.9999738368", "size": 0.9999738368000001}, {"colour": "#E5DC8D", "name": "Wellness Measure 0.695228025", "size": 0.695228025}]}, {"name": "WC026", "children": [{"colour": "#E5DC8D", "name": "Financial Measure 0.9999739341", "size": 0.9999739341}, {"colour": "#E5DC8D", "name": "Wellness Measure 0.702217557", "size": 0.702217557}]}, {"name": "WC031", "children": [{"colour": "#E5DC8D", "name": "Financial Measure 0.9990458774", "size": 0.9990458774}, {"colour": "#E5DC8D", "name": "Wellness Measure 0.655016752", "size": 0.655016752}]}, {"name": "WC032", "children": [{"colour": "#E5DC8D", "name": "Financial Measure 0.9999985974", "size": 0.9999985974}, {"colour": "#E5DC8D", "name": "Wellness Measure 0.626021046", "size": 0.626021046}]}, {"name": "WC033", "children": [{"colour": "#E5DC8D", "name": "Financial Measure 0.99971724", "size": 0.99971724}, {"colour": "#E5DC8D", "name": "Wellness Measure 0.703267611", "size": 0.7032676109999999}]}, {"name": "WC034", "children": [{"colour": "#E5DC8D", "name": "Financial Measure 0.9995152098", "size": 0.9995152098000001}, {"colour": "#E5DC8D", "name": "Wellness Measure 0.674111907", "size": 0.674111907}]}, {"name": "WC041", "children": [{"colour": "#E5DC8D", "name": "Financial Measure 0.9991170538", "size": 0.9991170537999999}, {"colour": "#E5DC8D", "name": "Wellness Measure 0.631654533", "size": 0.631654533}]}, {"name": "WC042", "children": [{"colour": "#E5DC8D", "name": "Financial Measure 0.9999910214", "size": 0.9999910214}, {"colour": "#E5DC8D", "name": "Wellness Measure 0.695660203", "size": 0.695660203}]}, {"name": "WC043", "children": [{"colour": "#E5DC8D", "name": "Financial Measure 0.9982127161", "size": 0.9982127161}, {"colour": "#E5DC8D", "name": "Wellness Measure 0.69930204", "size": 0.69930204}]}, {"name": "WC044", "children": [{"colour": "#E5DC8D", "name": "Financial Measure 0.9997186875", "size": 0.9997186875}, {"colour": "#E5DC8D", "name": "Wellness Measure 0.690510268", "size": 0.6905102679999999}]}, {"name": "WC045", "children": [{"colour": "#E5DC8D", "name": "Financial Measure 0.9998282659", "size": 0.9998282659000001}, {"colour": "#E5DC8D", "name": "Wellness Measure 0.625167729", "size": 0.625167729}]}, {"name": "WC047", "children": [{"colour": "#E5DC8D", "name": "Financial Measure 0.9987348233", "size": 0.9987348233}, {"colour": "#E5DC8D", "name": "Wellness Measure 0.678165846", "size": 0.678165846}]}, {"name": "WC048", "children": [{"colour": "#E5DC8D", "name": "Financial Measure 0.9985572796", "size": 0.9985572796}, {"colour": "#E5DC8D", "name": "Wellness Measure 0.608490934", "size": 0.608490934}]}, {"name": "WC051", "children": [{"colour": "#E5DC8D", "name": "Financial Measure 0.9986490897", "size": 0.9986490897}, {"colour": "#E5DC8D", "name": "Wellness Measure 0.69450831", "size": 0.69450831}]}, {"name": "WC052", "children": [{"colour": "#E5DC8D", "name": "Financial Measure 0.99955635", "size": 0.99955635}, {"colour": "#E5DC8D", "name": "Wellness Measure 0.654090735", "size": 0.654090735}]}, {"name": "WC053", "children": [{"colour": "#E5DC8D", "name": "Financial Measure 0.9996766192", "size": 0.9996766192000001}, {"colour": "#E5DC8D", "name": "Wellness Measure 0.714880049", "size": 0.714880049}]}]}, {"name": 2, "children": [{"name": "DC12", "children": [{"colour": "#66DE96", "name": "Financial Measure 1.0", "size": 1.0}, {"colour": "#66DE96", "name": "Wellness Measure 0.258010173", "size": 0.258010173}]}, {"name": "DC13", "children": [{"colour": "#66DE96", "name": "Financial Measure 0.9982950956", "size": 0.9982950956000001}, {"colour": "#66DE96", "name": "Wellness Measure 0.382382194", "size": 0.382382194}]}, {"name": "DC14", "children": [{"colour": "#66DE96", "name": "Financial Measure 0.9998137878", "size": 0.9998137878}, {"colour": "#66DE96", "name": "Wellness Measure 0.337836395", "size": 0.337836395}]}, {"name": "DC21", "children": [{"colour": "#ACACE6", "name": "Financial Measure 0.9998789623", "size": 0.9998789623000001}, {"colour": "#ACACE6", "name": "Wellness Measure 0.287873448", "size": 0.28787344800000003}]}, {"name": "DC23", "children": [{"colour": "#ACACE6", "name": "Financial Measure 0.9998822906", "size": 0.9998822906}, {"colour": "#ACACE6", "name": "Wellness Measure 0.328014519", "size": 0.328014519}]}, {"name": "DC24", "children": [{"colour": "#ACACE6", "name": "Financial Measure 0.9999660955", "size": 0.9999660954999999}, {"colour": "#ACACE6", "name": "Wellness Measure 0.235772549", "size": 0.235772549}]}, {"name": "DC26", "children": [{"colour": "#ACACE6", "name": "Financial Measure 0.9998747659", "size": 0.9998747659}, {"colour": "#ACACE6", "name": "Wellness Measure 0.308937344", "size": 0.308937344}]}, {"name": "DC27", "children": [{"colour": "#ACACE6", "name": "Financial Measure 0.9989186143", "size": 0.9989186143000001}, {"colour": "#ACACE6", "name": "Wellness Measure 0.175245324", "size": 0.17524532399999998}]}, {"name": "DC28", "children": [{"colour": "#ACACE6", "name": "Financial Measure 1.0", "size": 1.0}, {"colour": "#ACACE6", "name": "Wellness Measure 0.398295342", "size": 0.39829534200000005}]}, {"name": "DC29", "children": [{"colour": "#ACACE6", "name": "Financial Measure 0.9996574716", "size": 0.9996574716}, {"colour": "#ACACE6", "name": "Wellness Measure 0.324697388", "size": 0.32469738800000003}]}, {"name": "DC32", "children": [{"colour": "#5D8E86", "name": "Financial Measure 1.0", "size": 1.0}, {"colour": "#5D8E86", "name": "Wellness Measure 0.386202841", "size": 0.386202841}]}, {"name": "DC33", "children": [{"colour": "#00BCD4", "name": "Financial Measure 0.9991816805", "size": 0.9991816805}, {"colour": "#00BCD4", "name": "Wellness Measure 0.242002535", "size": 0.242002535}]}, {"name": "DC34", "children": [{"colour": "#00BCD4", "name": "Financial Measure 0.9922059732", "size": 0.9922059731999999}, {"colour": "#00BCD4", "name": "Wellness Measure 0.231448872", "size": 0.231448872}]}, {"name": "DC35", "children": [{"colour": "#00BCD4", "name": "Financial Measure 0.9998854674", "size": 0.9998854674}, {"colour": "#00BCD4", "name": "Wellness Measure 0.403480151", "size": 0.403480151}]}, {"name": "DC36", "children": [{"colour": "#00BCD4", "name": "Financial Measure 0.9999969082", "size": 0.9999969082}, {"colour": "#00BCD4", "name": "Wellness Measure 0.439222902", "size": 0.439222902}]}, {"name": "DC37", "children": [{"colour": "#ED854C", "name": "Financial Measure 0.9998601103", "size": 0.9998601103}, {"colour": "#ED854C", "name": "Wellness Measure 0.478888832", "size": 0.47888883200000004}]}, {"name": "DC38", "children": [{"colour": "#ED854C", "name": "Financial Measure 0.9978999209", "size": 0.9978999209}, {"colour": "#ED854C", "name": "Wellness Measure 0.39875261", "size": 0.39875261}]}, {"name": "DC39", "children": [{"colour": "#ED854C", "name": "Financial Measure 0.9962561892", "size": 0.9962561892}, {"colour": "#ED854C", "name": "Wellness Measure 0.374978439", "size": 0.374978439}]}, {"name": "DC43", "children": [{"colour": "#ACACE6", "name": "Financial Measure 0.9999968354", "size": 0.9999968354000001}, {"colour": "#ACACE6", "name": "Wellness Measure 0.214061281", "size": 0.21406128100000002}]}, {"name": "DC44", "children": [{"colour": "#66DE96", "name": "Financial Measure 0.9997295789", "size": 0.9997295789}, {"colour": "#66DE96", "name": "Wellness Measure 0.134247986", "size": 0.13424798599999999}]}, {"name": "DC45", "children": [{"colour": "#C9BBB5", "name": "Financial Measure 0.9979228037", "size": 0.9979228037000001}, {"colour": "#C9BBB5", "name": "Wellness Measure 0.380493247", "size": 0.38049324700000003}]}, {"name": "DC47", "children": [{"colour": "#00BCD4", "name": "Financial Measure 0.9994589092", "size": 0.9994589092}, {"colour": "#00BCD4", "name": "Wellness Measure 0.226523933", "size": 0.226523933}]}, {"name": "EC121", "children": [{"colour": "#66DE96", "name": "Financial Measure 1.0", "size": 1.0}, {"colour": "#66DE96", "name": "Wellness Measure 0.155085974", "size": 0.15508597400000002}]}, {"name": "EC122", "children": [{"colour": "#66DE96", "name": "Financial Measure 0.9995296615", "size": 0.9995296615000001}, {"colour": "#66DE96", "name": "Wellness Measure 0.276328599", "size": 0.276328599}]}, {"name": "EC123", "children": [{"colour": "#66DE96", "name": "Financial Measure 0.9923968747", "size": 0.9923968747}, {"colour": "#66DE96", "name": "Wellness Measure 0.345310779", "size": 0.345310779}]}, {"name": "EC124", "children": [{"colour": "#66DE96", "name": "Financial Measure 1.0", "size": 1.0}, {"colour": "#66DE96", "name": "Wellness Measure 0.359025174", "size": 0.359025174}]}, {"name": "EC126", "children": [{"colour": "#66DE96", "name": "Financial Measure 0.9954348124", "size": 0.9954348124}, {"colour": "#66DE96", "name": "Wellness Measure 0.289735039", "size": 0.28973503899999997}]}, {"name": "EC127", "children": [{"colour": "#66DE96", "name": "Financial Measure 0.9999480986", "size": 0.9999480986}, {"colour": "#66DE96", "name": "Wellness Measure 0.451123468", "size": 0.45112346799999997}]}, {"name": "EC132", "children": [{"colour": "#66DE96", "name": "Financial Measure 0.9989475136", "size": 0.9989475136}, {"colour": "#66DE96", "name": "Wellness Measure 0.384912516", "size": 0.38491251600000004}]}, {"name": "EC135", "children": [{"colour": "#66DE96", "name": "Financial Measure 0.9965906493", "size": 0.9965906493000001}, {"colour": "#66DE96", "name": "Wellness Measure 0.18635603", "size": 0.18635603}]}, {"name": "EC136", "children": [{"colour": "#66DE96", "name": "Financial Measure 0.9979313778", "size": 0.9979313778}, {"colour": "#66DE96", "name": "Wellness Measure 0.313629254", "size": 0.31362925399999997}]}, {"name": "EC137", "children": [{"colour": "#66DE96", "name": "Financial Measure 0.9973840147", "size": 0.9973840147}, {"colour": "#66DE96", "name": "Wellness Measure 0.16408711", "size": 0.16408711}]}, {"name": "EC138", "children": [{"colour": "#66DE96", "name": "Financial Measure 0.9984794825", "size": 0.9984794825}, {"colour": "#66DE96", "name": "Wellness Measure 0.344471991", "size": 0.34447199100000003}]}, {"name": "EC141", "children": [{"colour": "#66DE96", "name": "Financial Measure 0.9989563753", "size": 0.9989563753}, {"colour": "#66DE96", "name": "Wellness Measure 0.159923441", "size": 0.159923441}]}, {"name": "EC142", "children": [{"colour": "#66DE96", "name": "Financial Measure 0.9999176192", "size": 0.9999176192}, {"colour": "#66DE96", "name": "Wellness Measure 0.330145882", "size": 0.330145882}]}, {"name": "EC153", "children": [{"colour": "#66DE96", "name": "Financial Measure 1.0", "size": 1.0}, {"colour": "#66DE96", "name": "Wellness Measure 0.111577542", "size": 0.11157754199999999}]}, {"name": "EC154", "children": [{"colour": "#66DE96", "name": "Financial Measure 1.0", "size": 1.0}, {"colour": "#66DE96", "name": "Wellness Measure 0.112760027", "size": 0.112760027}]}, {"name": "EC155", "children": [{"colour": "#66DE96", "name": "Financial Measure 0.9993299367", "size": 0.9993299367}, {"colour": "#66DE96", "name": "Wellness Measure 0.131812775", "size": 0.131812775}]}, {"name": "EC156", "children": [{"colour": "#66DE96", "name": "Financial Measure 1.0", "size": 1.0}, {"colour": "#66DE96", "name": "Wellness Measure 0.150628273", "size": 0.150628273}]}, {"name": "EC157", "children": [{"colour": "#66DE96", "name": "Financial Measure 0.9998095447", "size": 0.9998095446999999}, {"colour": "#66DE96", "name": "Wellness Measure 0.292425125", "size": 0.292425125}]}, {"name": "EC441", "children": [{"colour": "#66DE96", "name": "Financial Measure 0.9999797183", "size": 0.9999797183}, {"colour": "#66DE96", "name": "Wellness Measure 0.207467727", "size": 0.207467727}]}, {"name": "EC442", "children": [{"colour": "#66DE96", "name": "Financial Measure 0.9999995377", "size": 0.9999995376999999}, {"colour": "#66DE96", "name": "Wellness Measure 0.163978758", "size": 0.163978758}]}, {"name": "EC443", "children": [{"colour": "#66DE96", "name": "Financial Measure 0.9998383819", "size": 0.9998383819}, {"colour": "#66DE96", "name": "Wellness Measure 0.092283048", "size": 0.092283048}]}, {"name": "EC444", "children": [{"colour": "#66DE96", "name": "Financial Measure 0.9993280464", "size": 0.9993280464000001}, {"colour": "#66DE96", "name": "Wellness Measure 0.086652323", "size": 0.086652323}]}, {"name": "KZN211", "children": [{"colour": "#ACACE6", "name": "Financial Measure 0.9988421456", "size": 0.9988421456000001}, {"colour": "#ACACE6", "name": "Wellness Measure 0.137627185", "size": 0.137627185}]}, {"name": "KZN212", "children": [{"colour": "#ACACE6", "name": "Financial Measure 0.9996045568", "size": 0.9996045568}, {"colour": "#ACACE6", "name": "Wellness Measure 0.423631368", "size": 0.42363136799999995}]}, {"name": "KZN213", "children": [{"colour": "#ACACE6", "name": "Financial Measure 0.999341936", "size": 0.999341936}, {"colour": "#ACACE6", "name": "Wellness Measure 0.163696435", "size": 0.163696435}]}, {"name": "KZN214", "children": [{"colour": "#ACACE6", "name": "Financial Measure 0.9991210076", "size": 0.9991210076}, {"colour": "#ACACE6", "name": "Wellness Measure 0.195796584", "size": 0.195796584}]}, {"name": "KZN215", "children": [{"colour": "#ACACE6", "name": "Financial Measure 0.9994892944", "size": 0.9994892944}, {"colour": "#ACACE6", "name": "Wellness Measure 0.230456816", "size": 0.230456816}]}, {"name": "KZN216", "children": [{"colour": "#ACACE6", "name": "Financial Measure 0.9995310146", "size": 0.9995310145999999}, {"colour": "#ACACE6", "name": "Wellness Measure 0.40163107", "size": 0.40163107}]}, {"name": "KZN221", "children": [{"colour": "#ACACE6", "name": "Financial Measure 0.9999758408", "size": 0.9999758408}, {"colour": "#ACACE6", "name": "Wellness Measure 0.34780786", "size": 0.34780786}]}, {"name": "KZN223", "children": [{"colour": "#ACACE6", "name": "Financial Measure 1.0", "size": 1.0}, {"colour": "#ACACE6", "name": "Wellness Measure 0.396058203", "size": 0.396058203}]}, {"name": "KZN224", "children": [{"colour": "#ACACE6", "name": "Financial Measure 0.9998765576", "size": 0.9998765576}, {"colour": "#ACACE6", "name": "Wellness Measure 0.269331163", "size": 0.269331163}]}, {"name": "KZN226", "children": [{"colour": "#ACACE6", "name": "Financial Measure 0.9999151684", "size": 0.9999151684}, {"colour": "#ACACE6", "name": "Wellness Measure 0.318003798", "size": 0.318003798}]}, {"name": "KZN227", "children": [{"colour": "#ACACE6", "name": "Financial Measure 0.9999966739", "size": 0.9999966739}, {"colour": "#ACACE6", "name": "Wellness Measure 0.308575322", "size": 0.308575322}]}, {"name": "KZN232", "children": [{"colour": "#ACACE6", "name": "Financial Measure 0.9998981561", "size": 0.9998981561}, {"colour": "#ACACE6", "name": "Wellness Measure 0.464493907", "size": 0.46449390700000004}]}, {"name": "KZN233", "children": [{"colour": "#ACACE6", "name": "Financial Measure 0.9990439448", "size": 0.9990439448}, {"colour": "#ACACE6", "name": "Wellness Measure 0.267951237", "size": 0.267951237}]}, {"name": "KZN234", "children": [{"colour": "#ACACE6", "name": "Financial Measure 1.0", "size": 1.0}, {"colour": "#ACACE6", "name": "Wellness Measure 0.393888628", "size": 0.39388862799999996}]}, {"name": "KZN235", "children": [{"colour": "#ACACE6", "name": "Financial Measure 0.9985576744", "size": 0.9985576744}, {"colour": "#ACACE6", "name": "Wellness Measure 0.223229441", "size": 0.22322944100000003}]}, {"name": "KZN236", "children": [{"colour": "#ACACE6", "name": "Financial Measure 0.9999993124", "size": 0.9999993124}, {"colour": "#ACACE6", "name": "Wellness Measure 0.168681049", "size": 0.16868104899999997}]}, {"name": "KZN242", "children": [{"colour": "#ACACE6", "name": "Financial Measure 0.9997544248", "size": 0.9997544248000001}, {"colour": "#ACACE6", "name": "Wellness Measure 0.230998403", "size": 0.23099840300000002}]}, {"name": "KZN244", "children": [{"colour": "#ACACE6", "name": "Financial Measure 0.9994833155", "size": 0.9994833155}, {"colour": "#ACACE6", "name": "Wellness Measure 0.108787589", "size": 0.108787589}]}, {"name": "KZN245", "children": [{"colour": "#ACACE6", "name": "Financial Measure 1.0", "size": 1.0}, {"colour": "#ACACE6", "name": "Wellness Measure 0.237195056", "size": 0.23719505600000002}]}, {"name": "KZN253", "children": [{"colour": "#ACACE6", "name": "Financial Measure 0.9999950379", "size": 0.9999950379000001}, {"colour": "#ACACE6", "name": "Wellness Measure 0.226222423", "size": 0.226222423}]}, {"name": "KZN254", "children": [{"colour": "#ACACE6", "name": "Financial Measure 1.0", "size": 1.0}, {"colour": "#ACACE6", "name": "Wellness Measure 0.319387383", "size": 0.319387383}]}, {"name": "KZN261", "children": [{"colour": "#ACACE6", "name": "Financial Measure 0.996722187", "size": 0.996722187}, {"colour": "#ACACE6", "name": "Wellness Measure 0.290111406", "size": 0.290111406}]}, {"name": "KZN262", "children": [{"colour": "#ACACE6", "name": "Financial Measure 0.9995406264", "size": 0.9995406264}, {"colour": "#ACACE6", "name": "Wellness Measure 0.303892511", "size": 0.30389251100000003}]}, {"name": "KZN263", "children": [{"colour": "#ACACE6", "name": "Financial Measure 0.9996064057", "size": 0.9996064056999999}, {"colour": "#ACACE6", "name": "Wellness Measure 0.429414515", "size": 0.429414515}]}, {"name": "KZN265", "children": [{"colour": "#ACACE6", "name": "Financial Measure 0.9980234656", "size": 0.9980234656}, {"colour": "#ACACE6", "name": "Wellness Measure 0.250833701", "size": 0.250833701}]}, {"name": "KZN266", "children": [{"colour": "#ACACE6", "name": "Financial Measure 0.9998109992", "size": 0.9998109992}, {"colour": "#ACACE6", "name": "Wellness Measure 0.318480203", "size": 0.318480203}]}, {"name": "KZN271", "children": [{"colour": "#ACACE6", "name": "Financial Measure 0.9975971135", "size": 0.9975971134999999}, {"colour": "#ACACE6", "name": "Wellness Measure 0.113605052", "size": 0.113605052}]}, {"name": "KZN272", "children": [{"colour": "#ACACE6", "name": "Financial Measure 0.9970570381", "size": 0.9970570381}, {"colour": "#ACACE6", "name": "Wellness Measure 0.155775646", "size": 0.155775646}]}, {"name": "KZN273", "children": [{"colour": "#ACACE6", "name": "Financial Measure 0.9990987717", "size": 0.9990987717}, {"colour": "#ACACE6", "name": "Wellness Measure 0.204504908", "size": 0.204504908}]}, {"name": "KZN274", "children": [{"colour": "#ACACE6", "name": "Financial Measure 0.9986803701", "size": 0.9986803701000001}, {"colour": "#ACACE6", "name": "Wellness Measure 0.18346862", "size": 0.18346862}]}, {"name": "KZN275", "children": [{"colour": "#ACACE6", "name": "Financial Measure 0.9991548118", "size": 0.9991548118000001}, {"colour": "#ACACE6", "name": "Wellness Measure 0.307443353", "size": 0.30744335300000003}]}, {"name": "KZN281", "children": [{"colour": "#ACACE6", "name": "Financial Measure 0.9995345128", "size": 0.9995345128}, {"colour": "#ACACE6", "name": "Wellness Measure 0.318850782", "size": 0.318850782}]}, {"name": "KZN283", "children": [{"colour": "#ACACE6", "name": "Financial Measure 1.0", "size": 1.0}, {"colour": "#ACACE6", "name": "Wellness Measure 0.195505988", "size": 0.19550598800000002}]}, {"name": "KZN284", "children": [{"colour": "#ACACE6", "name": "Financial Measure 0.9999104406", "size": 0.9999104406}, {"colour": "#ACACE6", "name": "Wellness Measure 0.266423736", "size": 0.266423736}]}, {"name": "KZN285", "children": [{"colour": "#ACACE6", "name": "Financial Measure 0.9998815471", "size": 0.9998815471}, {"colour": "#ACACE6", "name": "Wellness Measure 0.269725849", "size": 0.26972584899999996}]}, {"name": "KZN286", "children": [{"colour": "#ACACE6", "name": "Financial Measure 0.9978301218", "size": 0.9978301218000001}, {"colour": "#ACACE6", "name": "Wellness Measure 0.217430866", "size": 0.21743086600000003}]}, {"name": "KZN291", "children": [{"colour": "#ACACE6", "name": "Financial Measure 1.0", "size": 1.0}, {"colour": "#ACACE6", "name": "Wellness Measure 0.381279343", "size": 0.381279343}]}, {"name": "KZN292", "children": [{"colour": "#ACACE6", "name": "Financial Measure 0.9998497399", "size": 0.9998497398999999}, {"colour": "#ACACE6", "name": "Wellness Measure 0.432518184", "size": 0.43251818399999997}]}, {"name": "KZN293", "children": [{"colour": "#ACACE6", "name": "Financial Measure 0.9995566999", "size": 0.9995566999}, {"colour": "#ACACE6", "name": "Wellness Measure 0.209517717", "size": 0.209517717}]}, {"name": "KZN294", "children": [{"colour": "#ACACE6", "name": "Financial Measure 0.9987443904", "size": 0.9987443904000001}, {"colour": "#ACACE6", "name": "Wellness Measure 0.137163337", "size": 0.137163337}]}, {"name": "KZN431", "children": [{"colour": "#ACACE6", "name": "Financial Measure 0.9997180723", "size": 0.9997180723000001}, {"colour": "#ACACE6", "name": "Wellness Measure 0.153395638", "size": 0.153395638}]}, {"name": "KZN432", "children": [{"colour": "#ACACE6", "name": "Financial Measure 0.9974554152", "size": 0.9974554151999999}, {"colour": "#ACACE6", "name": "Wellness Measure 0.338949879", "size": 0.338949879}]}, {"name": "KZN434", "children": [{"colour": "#ACACE6", "name": "Financial Measure 0.9999887981", "size": 0.9999887981000001}, {"colour": "#ACACE6", "name": "Wellness Measure 0.129693148", "size": 0.129693148}]}, {"name": "KZN435", "children": [{"colour": "#ACACE6", "name": "Financial Measure 0.9996079059", "size": 0.9996079059}, {"colour": "#ACACE6", "name": "Wellness Measure 0.164096014", "size": 0.164096014}]}, {"name": "LIM331", "children": [{"colour": "#00BCD4", "name": "Financial Measure 0.9998631568", "size": 0.9998631568}, {"colour": "#00BCD4", "name": "Wellness Measure 0.190041147", "size": 0.190041147}]}, {"name": "LIM332", "children": [{"colour": "#00BCD4", "name": "Financial Measure 0.9978689356", "size": 0.9978689356}, {"colour": "#00BCD4", "name": "Wellness Measure 0.212933092", "size": 0.212933092}]}, {"name": "LIM333", "children": [{"colour": "#00BCD4", "name": "Financial Measure 0.9995275411", "size": 0.9995275411}, {"colour": "#00BCD4", "name": "Wellness Measure 0.270043402", "size": 0.270043402}]}, {"name": "LIM334", "children": [{"colour": "#00BCD4", "name": "Financial Measure 0.9988990233", "size": 0.9988990233}, {"colour": "#00BCD4", "name": "Wellness Measure 0.466992056", "size": 0.466992056}]}, {"name": "LIM335", "children": [{"colour": "#00BCD4", "name": "Financial Measure 0.9984515117", "size": 0.9984515117}, {"colour": "#00BCD4", "name": "Wellness Measure 0.188822688", "size": 0.18882268800000002}]}, {"name": "LIM342", "children": [{"colour": "#00BCD4", "name": "Financial Measure 0.9987023441", "size": 0.9987023440999999}, {"colour": "#00BCD4", "name": "Wellness Measure 0.115007101", "size": 0.115007101}]}, {"name": "LIM343", "children": [{"colour": "#00BCD4", "name": "Financial Measure 0.9996303743", "size": 0.9996303743000001}, {"colour": "#00BCD4", "name": "Wellness Measure 0.239445889", "size": 0.239445889}]}, {"name": "LIM344", "children": [{"colour": "#00BCD4", "name": "Financial Measure 0.999612346", "size": 0.9996123459999999}, {"colour": "#00BCD4", "name": "Wellness Measure 0.227599913", "size": 0.22759991300000001}]}, {"name": "LIM351", "children": [{"colour": "#00BCD4", "name": "Financial Measure 0.9995760731", "size": 0.9995760731000001}, {"colour": "#00BCD4", "name": "Wellness Measure 0.196902993", "size": 0.196902993}]}, {"name": "LIM352", "children": [{"colour": "#00BCD4", "name": "Financial Measure 0.9985153708", "size": 0.9985153708}, {"colour": "#00BCD4", "name": "Wellness Measure 0.303450573", "size": 0.303450573}]}, {"name": "LIM353", "children": [{"colour": "#00BCD4", "name": "Financial Measure 1.0", "size": 1.0}, {"colour": "#00BCD4", "name": "Wellness Measure 0.359514975", "size": 0.359514975}]}, {"name": "LIM354", "children": [{"colour": "#00BCD4", "name": "Financial Measure 0.9991956686", "size": 0.9991956686}, {"colour": "#00BCD4", "name": "Wellness Measure 0.489700904", "size": 0.489700904}]}, {"name": "LIM355", "children": [{"colour": "#00BCD4", "name": "Financial Measure 0.9985394261", "size": 0.9985394261}, {"colour": "#00BCD4", "name": "Wellness Measure 0.320057987", "size": 0.320057987}]}, {"name": "LIM362", "children": [{"colour": "#00BCD4", "name": "Financial Measure 0.9997851434", "size": 0.9997851434}, {"colour": "#00BCD4", "name": "Wellness Measure 0.427335483", "size": 0.42733548299999996}]}, {"name": "LIM367", "children": [{"colour": "#00BCD4", "name": "Financial Measure 0.9998722589", "size": 0.9998722589}, {"colour": "#00BCD4", "name": "Wellness Measure 0.355437846", "size": 0.355437846}]}, {"name": "LIM471", "children": [{"colour": "#00BCD4", "name": "Financial Measure 0.9960962645", "size": 0.9960962645}, {"colour": "#00BCD4", "name": "Wellness Measure 0.298786259", "size": 0.298786259}]}, {"name": "LIM472", "children": [{"colour": "#00BCD4", "name": "Financial Measure 0.9988704519", "size": 0.9988704519}, {"colour": "#00BCD4", "name": "Wellness Measure 0.305943266", "size": 0.305943266}]}, {"name": "LIM473", "children": [{"colour": "#00BCD4", "name": "Financial Measure 0.9996467603", "size": 0.9996467603}, {"colour": "#00BCD4", "name": "Wellness Measure 0.205748266", "size": 0.205748266}]}, {"name": "LIM474", "children": [{"colour": "#00BCD4", "name": "Financial Measure 0.9997954011", "size": 0.9997954011}, {"colour": "#00BCD4", "name": "Wellness Measure 0.220378493", "size": 0.220378493}]}, {"name": "LIM475", "children": [{"colour": "#00BCD4", "name": "Financial Measure 0.9962124894", "size": 0.9962124894}, {"colour": "#00BCD4", "name": "Wellness Measure 0.214294231", "size": 0.214294231}]}, {"name": "MP301", "children": [{"colour": "#5D8E86", "name": "Financial Measure 0.9992493086", "size": 0.9992493085999999}, {"colour": "#5D8E86", "name": "Wellness Measure 0.353657969", "size": 0.35365796899999996}]}, {"name": "MP303", "children": [{"colour": "#5D8E86", "name": "Financial Measure 0.9999777649", "size": 0.9999777648999999}, {"colour": "#5D8E86", "name": "Wellness Measure 0.336702693", "size": 0.336702693}]}, {"name": "MP304", "children": [{"colour": "#5D8E86", "name": "Financial Measure 0.9999578024", "size": 0.9999578024}, {"colour": "#5D8E86", "name": "Wellness Measure 0.487936867", "size": 0.48793686700000005}]}, {"name": "MP315", "children": [{"colour": "#5D8E86", "name": "Financial Measure 0.9997109814", "size": 0.9997109814}, {"colour": "#5D8E86", "name": "Wellness Measure 0.472269614", "size": 0.472269614}]}, {"name": "MP316", "children": [{"colour": "#5D8E86", "name": "Financial Measure 1.0", "size": 1.0}, {"colour": "#5D8E86", "name": "Wellness Measure 0.399915125", "size": 0.399915125}]}, {"name": "MP322", "children": [{"colour": "#5D8E86", "name": "Financial Measure 0.9999689495", "size": 0.9999689495}, {"colour": "#5D8E86", "name": "Wellness Measure 0.474942701", "size": 0.474942701}]}, {"name": "MP324", "children": [{"colour": "#5D8E86", "name": "Financial Measure 0.9987358376", "size": 0.9987358376000001}, {"colour": "#5D8E86", "name": "Wellness Measure 0.353594572", "size": 0.35359457200000005}]}, {"name": "MP325", "children": [{"colour": "#5D8E86", "name": "Financial Measure 0.9957340055", "size": 0.9957340055}, {"colour": "#5D8E86", "name": "Wellness Measure 0.277435283", "size": 0.27743528300000003}]}, {"name": "NC451", "children": [{"colour": "#C9BBB5", "name": "Financial Measure 0.9999950489", "size": 0.9999950489}, {"colour": "#C9BBB5", "name": "Wellness Measure 0.16135296", "size": 0.16135296}]}, {"name": "NC452", "children": [{"colour": "#C9BBB5", "name": "Financial Measure 0.9980988882", "size": 0.9980988881999999}, {"colour": "#C9BBB5", "name": "Wellness Measure 0.371632322", "size": 0.371632322}]}, {"name": "NW371", "children": [{"colour": "#ED854C", "name": "Financial Measure 0.9995494338", "size": 0.9995494337999999}, {"colour": "#ED854C", "name": "Wellness Measure 0.399557094", "size": 0.399557094}]}, {"name": "NW372", "children": [{"colour": "#ED854C", "name": "Financial Measure 0.999890098", "size": 0.999890098}, {"colour": "#ED854C", "name": "Wellness Measure 0.482167728", "size": 0.48216772799999996}]}, {"name": "NW375", "children": [{"colour": "#ED854C", "name": "Financial Measure 0.9966656757", "size": 0.9966656757}, {"colour": "#ED854C", "name": "Wellness Measure 0.377500789", "size": 0.377500789}]}, {"name": "NW381", "children": [{"colour": "#ED854C", "name": "Financial Measure 0.9989802361", "size": 0.9989802361}, {"colour": "#ED854C", "name": "Wellness Measure 0.179427048", "size": 0.179427048}]}, {"name": "NW382", "children": [{"colour": "#ED854C", "name": "Financial Measure 0.9995510731", "size": 0.9995510731}, {"colour": "#ED854C", "name": "Wellness Measure 0.415321375", "size": 0.415321375}]}, {"name": "NW383", "children": [{"colour": "#ED854C", "name": "Financial Measure 0.9994406538", "size": 0.9994406537999999}, {"colour": "#ED854C", "name": "Wellness Measure 0.436914872", "size": 0.436914872}]}, {"name": "NW384", "children": [{"colour": "#ED854C", "name": "Financial Measure 0.9999960404", "size": 0.9999960404000001}, {"colour": "#ED854C", "name": "Wellness Measure 0.491269076", "size": 0.491269076}]}, {"name": "NW394", "children": [{"colour": "#ED854C", "name": "Financial Measure 0.9999743451", "size": 0.9999743451}, {"colour": "#ED854C", "name": "Wellness Measure 0.266046004", "size": 0.266046004}]}, {"name": "NW397", "children": [{"colour": "#ED854C", "name": "Financial Measure 1.0", "size": 1.0}, {"colour": "#ED854C", "name": "Wellness Measure 0.242138472", "size": 0.242138472}]}, {"name": "NW401", "children": [{"colour": "#ED854C", "name": "Financial Measure 0.9974295537", "size": 0.9974295537000001}, {"colour": "#ED854C", "name": "Wellness Measure 0.465944808", "size": 0.465944808}]}]}, {"name": 3, "children": [{"name": "DC15", "children": [{"colour": "#66DE96", "name": "Financial Measure 0.3190644324", "size": 0.3190644324}, {"colour": "#66DE96", "name": "Wellness Measure 0.17373136", "size": 0.17373136}]}, {"name": "NW385", "children": [{"colour": "#ED854C", "name": "Financial Measure 0.0", "size": 0.0}, {"colour": "#ED854C", "name": "Wellness Measure 0.356733321", "size": 0.356733321}]}]}]}