code,period,population,children_0_14,youth_15_34,working_age_15_64,elderly_65_plus,source
BUF,2026,877764,224210,257574,572211,81343,Stats SA P0302 Short_term_estimates_2026_2030_district_level.xlsx
BUF,2027,881405,220385,257954,575524,85496,Stats SA P0302 Short_term_estimates_2026_2030_district_level.xlsx
BUF,2028,885188,217560,258017,578285,89343,Stats SA P0302 Short_term_estimates_2026_2030_district_level.xlsx
BUF,2029,889080,215008,258622,581183,92890,Stats SA P0302 Short_term_estimates_2026_2030_district_level.xlsx
BUF,2030,892977,213339,259158,583429,96209,Stats SA P0302 Short_term_estimates_2026_2030_district_level.xlsx
CPT,2026,5115625,1071283,1624500,3619732,424610,Stats SA P0302 Short_term_estimates_2026_2030_district_level.xlsx
CPT,2027,5202145,1070060,1645338,3686793,445293,Stats SA P0302 Short_term_estimates_2026_2030_district_level.xlsx
CPT,2028,5288413,1069810,1666243,3752421,466183,Stats SA P0302 Short_term_estimates_2026_2030_district_level.xlsx
CPT,2029,5374879,1069214,1689171,3818382,487283,Stats SA P0302 Short_term_estimates_2026_2030_district_level.xlsx
CPT,2030,5461609,1072814,1708966,3879946,508849,Stats SA P0302 Short_term_estimates_2026_2030_district_level.xlsx
DC1,2026,510778,111437,168334,364471,34869,Stats SA P0302 Short_term_estimates_2026_2030_district_level.xlsx
DC1,2027,518606,111471,169799,370752,36384,Stats SA P0302 Short_term_estimates_2026_2030_district_level.xlsx
DC1,2028,526409,111529,171257,376952,37928,Stats SA P0302 Short_term_estimates_2026_2030_district_level.xlsx
DC1,2029,534227,111466,172942,383242,39519,Stats SA P0302 Short_term_estimates_2026_2030_district_level.xlsx
DC1,2030,542064,111778,174297,389080,41205,Stats SA P0302 Short_term_estimates_2026_2030_district_level.xlsx
DC10,2026,531644,136020,166788,349322,46302,Stats SA P0302 Short_term_estimates_2026_2030_district_level.xlsx
DC10,2027,535951,134984,167986,353748,47219,Stats SA P0302 Short_term_estimates_2026_2030_district_level.xlsx
DC10,2028,540304,134215,169056,357953,48137,Stats SA P0302 Short_term_estimates_2026_2030_district_level.xlsx
DC10,2029,544716,133414,170386,362250,49052,Stats SA P0302 Short_term_estimates_2026_2030_district_level.xlsx
DC10,2030,549159,133091,171458,366081,49988,Stats SA P0302 Short_term_estimates_2026_2030_district_level.xlsx
DC12,2026,785715,215023,241232,467386,103306,Stats SA P0302 Short_term_estimates_2026_2030_district_level.xlsx
DC12,2027,779540,208876,238164,467339,103325,Stats SA P0302 Short_term_estimates_2026_2030_district_level.xlsx
DC12,2028,773130,203459,234144,466367,103305,Stats SA P0302 Short_term_estimates_2026_2030_district_level.xlsx
DC12,2029,766509,197907,230329,465354,103248,Stats SA P0302 Short_term_estimates_2026_2030_district_level.xlsx
DC12,2030,759633,193207,225928,463234,103191,Stats SA P0302 Short_term_estimates_2026_2030_district_level.xlsx
DC13,2026,707872,209453,218286,415095,83325,Stats SA P0302 Short_term_estimates_2026_2030_district_level.xlsx
DC13,2027,700043,203719,215086,413660,82664,Stats SA P0302 Short_term_estimates_2026_2030_district_level.xlsx
DC13,2028,691895,198579,211065,411386,81930,Stats SA P0302 Short_term_estimates_2026_2030_district_level.xlsx
DC13,2029,683454,193207,207283,409108,81138,Stats SA P0302 Short_term_estimates_2026_2030_district_level.xlsx
DC13,2030,674690,188548,202921,405806,80337,Stats SA P0302 Short_term_estimates_2026_2030_district_level.xlsx
DC14,2026,354861,111254,112063,207621,35987,Stats SA P0302 Short_term_estimates_2026_2030_district_level.xlsx
DC14,2027,354967,110183,111273,208901,35882,Stats SA P0302 Short_term_estimates_2026_2030_district_level.xlsx
DC14,2028,354956,109245,110261,209937,35774,Stats SA P0302 Short_term_estimates_2026_2030_district_level.xlsx
DC14,2029,354848,108085,109489,211099,35665,Stats SA P0302 Short_term_estimates_2026_2030_district_level.xlsx
DC14,2030,354638,107181,108550,211887,35571,Stats SA P0302 Short_term_estimates_2026_2030_district_level.xlsx
DC15,2026,1638923,545633,584820,983336,109954,Stats SA P0302 Short_term_estimates_2026_2030_district_level.xlsx
DC15,2027,1653263,545617,582351,997788,109858,Stats SA P0302 Short_term_estimates_2026_2030_district_level.xlsx
DC15,2028,1667558,546833,577594,1010899,109826,Stats SA P0302 Short_term_estimates_2026_2030_district_level.xlsx
DC15,2029,1681934,547643,573152,1024412,109879,Stats SA P0302 Short_term_estimates_2026_2030_district_level.xlsx
DC15,2030,1696417,549792,568185,1036542,110084,Stats SA P0302 Short_term_estimates_2026_2030_district_level.xlsx
DC16,2026,137867,39001,46869,89448,9418,Stats SA P0302 Short_term_estimates_2026_2030_district_level.xlsx
DC16,2027,138887,38942,47019,90553,9392,Stats SA P0302 Short_term_estimates_2026_2030_district_level.xlsx
DC16,2028,139928,38931,47131,91629,9368,Stats SA P0302 Short_term_estimates_2026_2030_district_level.xlsx
DC16,2029,140994,38879,47325,92764,9352,Stats SA P0302 Short_term_estimates_2026_2030_district_level.xlsx
DC16,2030,142085,38952,47439,93777,9356,Stats SA P0302 Short_term_estimates_2026_2030_district_level.xlsx
DC18,2026,702311,174048,227893,472153,56110,Stats SA P0302 Short_term_estimates_2026_2030_district_level.xlsx
DC18,2027,706024,173248,227828,474873,57904,Stats SA P0302 Short_term_estimates_2026_2030_district_level.xlsx
DC18,2028,709740,173018,227553,477096,59626,Stats SA P0302 Short_term_estimates_2026_2030_district_level.xlsx
DC18,2029,713500,172883,227557,479389,61227,Stats SA P0302 Short_term_estimates_2026_2030_district_level.xlsx
DC18,2030,717295,173355,227160,481254,62686,Stats SA P0302 Short_term_estimates_2026_2030_district_level.xlsx
DC19,2026,814003,227950,282045,536391,49662,Stats SA P0302 Short_term_estimates_2026_2030_district_level.xlsx
DC19,2027,817151,226252,281416,541186,49713,Stats SA P0302 Short_term_estimates_2026_2030_district_level.xlsx
DC19,2028,820399,225256,280377,545404,49738,Stats SA P0302 Short_term_estimates_2026_2030_district_level.xlsx
DC19,2029,823765,224255,279822,549795,49716,Stats SA P0302 Short_term_estimates_2026_2030_district_level.xlsx
DC19,2030,827219,224013,279020,553549,49658,Stats SA P0302 Short_term_estimates_2026_2030_district_level.xlsx
DC2,2026,1029898,219391,337621,733695,76812,Stats SA P0302 Short_term_estimates_2026_2030_district_level.xlsx
DC2,2027,1045011,219190,340236,745497,80324,Stats SA P0302 Short_term_estimates_2026_2030_district_level.xlsx
DC2,2028,1060121,219116,342976,757193,83812,Stats SA P0302 Short_term_estimates_2026_2030_district_level.xlsx
DC2,2029,1075311,218944,346178,769059,87308,Stats SA P0302 Short_term_estimates_2026_2030_district_level.xlsx
DC2,2030,1090592,219611,348776,780054,90927,Stats SA P0302 Short_term_estimates_2026_2030_district_level.xlsx
DC20,2026,539647,134868,171331,358947,45832,Stats SA P0302 Short_term_estimates_2026_2030_district_level.xlsx
DC20,2027,542122,134037,171444,361822,46262,Stats SA P0302 Short_term_estimates_2026_2030_district_level.xlsx
DC20,2028,544670,133664,171408,364335,46672,Stats SA P0302 Short_term_estimates_2026_2030_district_level.xlsx
DC20,2029,547307,133350,171633,366904,47053,Stats SA P0302 Short_term_estimates_2026_2030_district_level.xlsx
DC20,2030,550011,133503,171600,369084,47424,Stats SA P0302 Short_term_estimates_2026_2030_district_level.xlsx
DC21,2026,844409,251648,299428,555386,37374,Stats SA P0302 Short_term_estimates_2026_2030_district_level.xlsx
DC21,2027,856791,252339,299894,566204,38248,Stats SA P0302 Short_term_estimates_2026_2030_district_level.xlsx
DC21,2028,869121,253379,299898,576686,39056,Stats SA P0302 Short_term_estimates_2026_2030_district_level.xlsx
DC21,2029,881471,254084,300427,587607,39780,Stats SA P0302 Short_term_estimates_2026_2030_district_level.xlsx
DC21,2030,893860,255358,300733,598095,40408,Stats SA P0302 Short_term_estimates_2026_2030_district_level.xlsx
DC22,2026,1235495,317424,426169,849931,68140,Stats SA P0302 Short_term_estimates_2026_2030_district_level.xlsx
DC22,2027,1250734,318622,426485,862319,69793,Stats SA P0302 Short_term_estimates_2026_2030_district_level.xlsx
DC22,2028,1266153,320438,426503,874325,71389,Stats SA P0302 Short_term_estimates_2026_2030_district_level.xlsx
DC22,2029,1281833,322178,427211,886786,72869,Stats SA P0302 Short_term_estimates_2026_2030_district_level.xlsx
DC22,2030,1297771,324821,427674,898746,74205,Stats SA P0302 Short_term_estimates_2026_2030_district_level.xlsx
DC23,2026,735408,241975,249904,449014,44420,Stats SA P0302 Short_term_estimates_2026_2030_district_level.xlsx
DC23,2027,738932,240172,250002,453816,44944,Stats SA P0302 Short_term_estimates_2026_2030_district_level.xlsx
DC23,2028,742592,239119,249497,458023,45449,Stats SA P0302 Short_term_estimates_2026_2030_district_level.xlsx
DC23,2029,746392,238045,249302,462428,45919,Stats SA P0302 Short_term_estimates_2026_2030_district_level.xlsx
DC23,2030,750288,237767,248613,466169,46353,Stats SA P0302 Short_term_estimates_2026_2030_district_level.xlsx
DC24,2026,616230,217185,224383,372343,26701,Stats SA P0302 Short_term_estimates_2026_2030_district_level.xlsx
DC24,2027,623968,217935,225018,379490,26542,Stats SA P0302 Short_term_estimates_2026_2030_district_level.xlsx
DC24,2028,631800,219152,225055,386235,26414,Stats SA P0302 Short_term_estimates_2026_2030_district_level.xlsx
DC24,2029,639745,220176,225369,393295,26274,Stats SA P0302 Short_term_estimates_2026_2030_district_level.xlsx
DC24,2030,647780,221780,225331,399916,26084,Stats SA P0302 Short_term_estimates_2026_2030_district_level.xlsx
DC25,2026,618098,176363,223277,406374,35360,Stats SA P0302 Short_term_estimates_2026_2030_district_level.xlsx
DC25,2027,624807,176224,224246,412746,35837,Stats SA P0302 Short_term_estimates_2026_2030_district_level.xlsx
DC25,2028,631601,176261,224992,419063,36277,Stats SA P0302 Short_term_estimates_2026_2030_district_level.xlsx
DC25,2029,638520,176089,226063,425737,36694,Stats SA P0302 Short_term_estimates_2026_2030_district_level.xlsx
DC25,2030,645570,176481,226755,431967,37122,Stats SA P0302 Short_term_estimates_2026_2030_district_level.xlsx
DC26,2026,908058,318473,307195,533564,56022,Stats SA P0302 Short_term_estimates_2026_2030_district_level.xlsx
DC26,2027,914152,317114,307758,540248,56790,Stats SA P0302 Short_term_estimates_2026_2030_district_level.xlsx
DC26,2028,919865,316076,307840,546224,57565,Stats SA P0302 Short_term_estimates_2026_2030_district_level.xlsx
DC26,2029,925243,314395,308650,552564,58284,Stats SA P0302 Short_term_estimates_2026_2030_district_level.xlsx
DC26,2030,930283,313429,308910,557953,58901,Stats SA P0302 Short_term_estimates_2026_2030_district_level.xlsx
DC27,2026,716092,245094,246284,433894,37103,Stats SA P0302 Short_term_estimates_2026_2030_district_level.xlsx
DC27,2027,720844,243538,245844,439534,37772,Stats SA P0302 Short_term_estimates_2026_2030_district_level.xlsx
DC27,2028,725494,242388,245059,444630,38476,Stats SA P0302 Short_term_estimates_2026_2030_district_level.xlsx
DC27,2029,730084,241016,244744,449843,39225,Stats SA P0302 Short_term_estimates_2026_2030_district_level.xlsx
DC27,2030,734609,240365,243994,454193,40051,Stats SA P0302 Short_term_estimates_2026_2030_district_level.xlsx
DC28,2026,1000311,327775,344235,618347,54189,Stats SA P0302 Short_term_estimates_2026_2030_district_level.xlsx
DC28,2027,1007970,327522,344203,625378,55070,Stats SA P0302 Short_term_estimates_2026_2030_district_level.xlsx
DC28,2028,1015608,327642,343767,632019,55947,Stats SA P0302 Short_term_estimates_2026_2030_district_level.xlsx
DC28,2029,1023305,327325,344037,639174,56806,Stats SA P0302 Short_term_estimates_2026_2030_district_level.xlsx
DC28,2030,1031078,327855,343875,645571,57652,Stats SA P0302 Short_term_estimates_2026_2030_district_level.xlsx
DC29,2026,750373,222651,248428,470807,56915,Stats SA P0302 Short_term_estimates_2026_2030_district_level.xlsx
DC29,2027,758190,221901,249572,478095,58194,Stats SA P0302 Short_term_estimates_2026_2030_district_level.xlsx
DC29,2028,765838,221261,250457,485020,59557,Stats SA P0302 Short_term_estimates_2026_2030_district_level.xlsx
DC29,2029,773380,220238,251799,492181,60962,Stats SA P0302 Short_term_estimates_2026_2030_district_level.xlsx
DC29,2030,780828,219826,252699,498630,62372,Stats SA P0302 Short_term_estimates_2026_2030_district_level.xlsx
DC3,2026,334997,69263,105550,234151,31583,Stats SA P0302 Short_term_estimates_2026_2030_district_level.xlsx
DC3,2027,339996,69311,106400,238075,32610,Stats SA P0302 Short_term_estimates_2026_2030_district_level.xlsx
DC3,2028,345026,69422,107256,241931,33673,Stats SA P0302 Short_term_estimates_2026_2030_district_level.xlsx
DC3,2029,350112,69510,108229,245812,34790,Stats SA P0302 Short_term_estimates_2026_2030_district_level.xlsx
DC3,2030,355256,69862,108990,249393,36002,Stats SA P0302 Short_term_estimates_2026_2030_district_level.xlsx
DC30,2026,1389405,354351,479765,951039,84015,Stats SA P0302 Short_term_estimates_2026_2030_district_level.xlsx
DC30,2027,1410498,356027,481864,967554,86917,Stats SA P0302 Short_term_estimates_2026_2030_district_level.xlsx
DC30,2028,1431702,358426,483674,983459,89818,Stats SA P0302 Short_term_estimates_2026_2030_district_level.xlsx
DC30,2029,1453116,360787,486129,999683,92645,Stats SA P0302 Short_term_estimates_2026_2030_district_level.xlsx
DC30,2030,1474754,364262,487874,1015121,95372,Stats SA P0302 Short_term_estimates_2026_2030_district_level.xlsx
DC31,2026,1814358,394999,632028,1309321,110037,Stats SA P0302 Short_term_estimates_2026_2030_district_level.xlsx
DC31,2027,1848174,395052,638113,1338597,114526,Stats SA P0302 Short_term_estimates_2026_2030_district_level.xlsx
DC31,2028,1881744,395633,643535,1367052,119059,Stats SA P0302 Short_term_estimates_2026_2030_district_level.xlsx
DC31,2029,1915179,396170,649202,1395480,123530,Stats SA P0302 Short_term_estimates_2026_2030_district_level.xlsx
DC31,2030,1948495,398331,653352,1422275,127890,Stats SA P0302 Short_term_estimates_2026_2030_district_level.xlsx
DC32,2026,1942929,595902,616513,1221961,125066,Stats SA P0302 Short_term_estimates_2026_2030_district_level.xlsx
DC32,2027,1958478,595141,616238,1234029,129308,Stats SA P0302 Short_term_estimates_2026_2030_district_level.xlsx
DC32,2028,1974127,596220,615059,1244219,133688,Stats SA P0302 Short_term_estimates_2026_2030_district_level.xlsx
DC32,2029,1989830,597234,615117,1254621,137975,Stats SA P0302 Short_term_estimates_2026_2030_district_level.xlsx
DC32,2030,2005421,599777,614668,1263647,141997,Stats SA P0302 Short_term_estimates_2026_2030_district_level.xlsx
DC33,2026,1278830,400630,400883,788256,89944,Stats SA P0302 Short_term_estimates_2026_2030_district_level.xlsx
DC33,2027,1286988,398903,399323,794930,93155,Stats SA P0302 Short_term_estimates_2026_2030_district_level.xlsx
DC33,2028,1294443,397088,397504,801109,96245,Stats SA P0302 Short_term_estimates_2026_2030_district_level.xlsx
DC33,2029,1301229,394021,396999,808066,99141,Stats SA P0302 Short_term_estimates_2026_2030_district_level.xlsx
DC33,2030,1307300,391345,396378,814126,101829,Stats SA P0302 Short_term_estimates_2026_2030_district_level.xlsx
DC34,2026,1542142,498087,503730,958562,85493,Stats SA P0302 Short_term_estimates_2026_2030_district_level.xlsx
DC34,2027,1553737,494662,503484,970040,89036,Stats SA P0302 Short_term_estimates_2026_2030_district_level.xlsx
DC34,2028,1564868,491379,502703,980978,92511,Stats SA P0302 Short_term_estimates_2026_2030_district_level.xlsx
DC34,2029,1575556,486738,503433,992972,95846,Stats SA P0302 Short_term_estimates_2026_2030_district_level.xlsx
DC34,2030,1585726,482778,503994,1003935,99013,Stats SA P0302 Short_term_estimates_2026_2030_district_level.xlsx
DC35,2026,1420823,436429,444609,858650,125745,Stats SA P0302 Short_term_estimates_2026_2030_district_level.xlsx
DC35,2027,1425869,433348,442600,864286,128234,Stats SA P0302 Short_term_estimates_2026_2030_district_level.xlsx
DC35,2028,1430584,431079,439489,868683,130822,Stats SA P0302 Short_term_estimates_2026_2030_district_level.xlsx
DC35,2029,1434997,428049,437277,873552,133397,Stats SA P0302 Short_term_estimates_2026_2030_district_level.xlsx
DC35,2030,1439045,425848,434609,877308,135889,Stats SA P0302 Short_term_estimates_2026_2030_district_level.xlsx
DC36,2026,838105,239666,267292,544647,53791,Stats SA P0302 Short_term_estimates_2026_2030_district_level.xlsx
DC36,2027,848056,239189,269222,552880,55987,Stats SA P0302 Short_term_estimates_2026_2030_district_level.xlsx
DC36,2028,857785,238728,270940,560954,58103,Stats SA P0302 Short_term_estimates_2026_2030_district_level.xlsx
DC36,2029,867319,237827,273117,569405,60088,Stats SA P0302 Short_term_estimates_2026_2030_district_level.xlsx
DC36,2030,876636,237499,274805,577223,61914,Stats SA P0302 Short_term_estimates_2026_2030_district_level.xlsx
DC37,2026,2024049,456218,661315,1435402,132429,Stats SA P0302 Short_term_estimates_2026_2030_district_level.xlsx
DC37,2027,2064764,457197,672021,1469613,137954,Stats SA P0302 Short_term_estimates_2026_2030_district_level.xlsx
DC37,2028,2105502,458696,682403,1503214,143592,Stats SA P0302 Short_term_estimates_2026_2030_district_level.xlsx
DC37,2029,2146427,460156,693356,1536962,149309,Stats SA P0302 Short_term_estimates_2026_2030_district_level.xlsx
DC37,2030,2187596,463292,702999,1569136,155168,Stats SA P0302 Short_term_estimates_2026_2030_district_level.xlsx
DC38,2026,925684,282226,306536,582059,61399,Stats SA P0302 Short_term_estimates_2026_2030_district_level.xlsx
DC38,2027,934074,283205,307430,588481,62388,Stats SA P0302 Short_term_estimates_2026_2030_district_level.xlsx
DC38,2028,942448,284472,308040,594565,63411,Stats SA P0302 Short_term_estimates_2026_2030_district_level.xlsx
DC38,2029,950875,285394,309206,601007,64474,Stats SA P0302 Short_term_estimates_2026_2030_district_level.xlsx
DC38,2030,959373,287048,309915,606692,65633,Stats SA P0302 Short_term_estimates_2026_2030_district_level.xlsx
DC39,2026,477953,164578,155141,277107,36269,Stats SA P0302 Short_term_estimates_2026_2030_district_level.xlsx
DC39,2027,480657,164686,155562,279500,36471,Stats SA P0302 Short_term_estimates_2026_2030_district_level.xlsx
DC39,2028,483035,164759,155677,281570,36705,Stats SA P0302 Short_term_estimates_2026_2030_district_level.xlsx
DC39,2029,485142,164406,156029,283781,36955,Stats SA P0302 Short_term_estimates_2026_2030_district_level.xlsx
DC39,2030,487007,164328,156024,285459,37220,Stats SA P0302 Short_term_estimates_2026_2030_district_level.xlsx
DC4,2026,679916,154164,203301,447756,77997,Stats SA P0302 Short_term_estimates_2026_2030_district_level.xlsx
DC4,2027,686040,153287,204294,452247,80505,Stats SA P0302 Short_term_estimates_2026_2030_district_level.xlsx
DC4,2028,691936,152400,205252,456498,83038,Stats SA P0302 Short_term_estimates_2026_2030_district_level.xlsx
DC4,2029,697660,151240,206520,460808,85612,Stats SA P0302 Short_term_estimates_2026_2030_district_level.xlsx
DC4,2030,703212,150517,207315,464405,88290,Stats SA P0302 Short_term_estimates_2026_2030_district_level.xlsx
DC40,2026,818635,211160,282106,560492,46983,Stats SA P0302 Short_term_estimates_2026_2030_district_level.xlsx
DC40,2027,830657,211119,286796,570274,49264,Stats SA P0302 Short_term_estimates_2026_2030_district_level.xlsx
DC40,2028,842525,211071,291559,580057,51397,Stats SA P0302 Short_term_estimates_2026_2030_district_level.xlsx
DC40,2029,854331,210743,296770,590204,53384,Stats SA P0302 Short_term_estimates_2026_2030_district_level.xlsx
DC40,2030,866117,211156,301346,599711,55251,Stats SA P0302 Short_term_estimates_2026_2030_district_level.xlsx
DC42,2026,1074868,245318,355243,737908,91642,Stats SA P0302 Short_term_estimates_2026_2030_district_level.xlsx
DC42,2027,1090044,245811,358947,749716,94517,Stats SA P0302 Short_term_estimates_2026_2030_district_level.xlsx
DC42,2028,1105799,247062,362875,761507,97230,Stats SA P0302 Short_term_estimates_2026_2030_district_level.xlsx
DC42,2029,1122167,248703,367514,773717,99747,Stats SA P0302 Short_term_estimates_2026_2030_district_level.xlsx
DC42,2030,1139114,251556,371901,785473,102085,Stats SA P0302 Short_term_estimates_2026_2030_district_level.xlsx
DC43,2026,512205,179853,181444,309108,23244,Stats SA P0302 Short_term_estimates_2026_2030_district_level.xlsx
DC43,2027,516831,179715,181501,313852,23263,Stats SA P0302 Short_term_estimates_2026_2030_district_level.xlsx
DC43,2028,521519,180053,181140,318187,23278,Stats SA P0302 Short_term_estimates_2026_2030_district_level.xlsx
DC43,2029,526280,180302,181091,322707,23272,Stats SA P0302 Short_term_estimates_2026_2030_district_level.xlsx
DC43,2030,531096,181076,180813,326787,23233,Stats SA P0302 Short_term_estimates_2026_2030_district_level.xlsx
DC44,2026,943359,394113,290490,479540,69706,Stats SA P0302 Short_term_estimates_2026_2030_district_level.xlsx
DC44,2027,950690,395744,290469,485464,69482,Stats SA P0302 Short_term_estimates_2026_2030_district_level.xlsx
DC44,2028,958427,397998,290024,491125,69305,Stats SA P0302 Short_term_estimates_2026_2030_district_level.xlsx
DC44,2029,966550,399644,290701,497744,69162,Stats SA P0302 Short_term_estimates_2026_2030_district_level.xlsx
DC44,2030,974963,401989,291425,503923,69051,Stats SA P0302 Short_term_estimates_2026_2030_district_level.xlsx
DC45,2026,300558,96524,94685,183475,20559,Stats SA P0302 Short_term_estimates_2026_2030_district_level.xlsx
DC45,2027,304429,97084,95315,186320,21025,Stats SA P0302 Short_term_estimates_2026_2030_district_level.xlsx
DC45,2028,308388,97822,95902,189088,21479,Stats SA P0302 Short_term_estimates_2026_2030_district_level.xlsx
DC45,2029,312439,98510,96718,192005,21924,Stats SA P0302 Short_term_estimates_2026_2030_district_level.xlsx
DC45,2030,316563,99459,97419,194724,22380,Stats SA P0302 Short_term_estimates_2026_2030_district_level.xlsx
DC47,2026,1350249,446657,450552,820938,82654,Stats SA P0302 Short_term_estimates_2026_2030_district_level.xlsx
DC47,2027,1363436,446952,450006,832614,83870,Stats SA P0302 Short_term_estimates_2026_2030_district_level.xlsx
DC47,2028,1376293,447505,448961,843637,85152,Stats SA P0302 Short_term_estimates_2026_2030_district_level.xlsx
DC47,2029,1388891,447072,449128,855411,86408,Stats SA P0302 Short_term_estimates_2026_2030_district_level.xlsx
DC47,2030,1401224,447267,449152,866393,87564,Stats SA P0302 Short_term_estimates_2026_2030_district_level.xlsx
DC48,2026,1061207,232015,347544,750571,78621,Stats SA P0302 Short_term_estimates_2026_2030_district_level.xlsx
DC48,2027,1077973,232736,351815,761939,83298,Stats SA P0302 Short_term_estimates_2026_2030_district_level.xlsx
DC48,2028,1095384,234158,356624,773369,87857,Stats SA P0302 Short_term_estimates_2026_2030_district_level.xlsx
DC48,2029,1113475,236012,362219,785227,92235,Stats SA P0302 Short_term_estimates_2026_2030_district_level.xlsx
DC48,2030,1132207,239139,367458,796646,96422,Stats SA P0302 Short_term_estimates_2026_2030_district_level.xlsx
DC5,2026,77573,20008,24678,48697,8868,Stats SA P0302 Short_term_estimates_2026_2030_district_level.xlsx
DC5,2027,77980,19911,24729,48968,9101,Stats SA P0302 Short_term_estimates_2026_2030_district_level.xlsx
DC5,2028,78375,19855,24753,49198,9321,Stats SA P0302 Short_term_estimates_2026_2030_district_level.xlsx
DC5,2029,78767,19794,24799,49441,9532,Stats SA P0302 Short_term_estimates_2026_2030_district_level.xlsx
DC5,2030,79157,19807,24766,49608,9741,Stats SA P0302 Short_term_estimates_2026_2030_district_level.xlsx
DC6,2026,130415,28169,39544,86310,15937,Stats SA P0302 Short_term_estimates_2026_2030_district_level.xlsx
DC6,2027,131197,28043,39464,86731,16423,Stats SA P0302 Short_term_estimates_2026_2030_district_level.xlsx
DC6,2028,131960,27974,39351,87098,16888,Stats SA P0302 Short_term_estimates_2026_2030_district_level.xlsx
DC6,2029,132705,27914,39271,87469,17322,Stats SA P0302 Short_term_estimates_2026_2030_district_level.xlsx
DC6,2030,133422,27966,39104,87728,17728,Stats SA P0302 Short_term_estimates_2026_2030_district_level.xlsx
DC7,2026,221368,61661,69128,137520,22187,Stats SA P0302 Short_term_estimates_2026_2030_district_level.xlsx
DC7,2027,223295,61525,69526,139011,22759,Stats SA P0302 Short_term_estimates_2026_2030_district_level.xlsx
DC7,2028,225241,61494,69905,140437,23310,Stats SA P0302 Short_term_estimates_2026_2030_district_level.xlsx
DC7,2029,227203,61427,70426,141943,23833,Stats SA P0302 Short_term_estimates_2026_2030_district_level.xlsx
DC7,2030,229161,61560,70829,143268,24333,Stats SA P0302 Short_term_estimates_2026_2030_district_level.xlsx
DC8,2026,300239,79175,102822,202420,18644,Stats SA P0302 Short_term_estimates_2026_2030_district_level.xlsx
DC8,2027,304947,79917,103750,205892,19138,Stats SA P0302 Short_term_estimates_2026_2030_district_level.xlsx
DC8,2028,309781,80697,104792,209459,19625,Stats SA P0302 Short_term_estimates_2026_2030_district_level.xlsx
DC8,2029,314756,81434,106074,213213,20108,Stats SA P0302 Short_term_estimates_2026_2030_district_level.xlsx
DC8,2030,319871,82471,107233,216793,20608,Stats SA P0302 Short_term_estimates_2026_2030_district_level.xlsx
DC9,2026,442452,122016,141699,287621,32815,Stats SA P0302 Short_term_estimates_2026_2030_district_level.xlsx
DC9,2027,445590,121262,142944,290964,33364,Stats SA P0302 Short_term_estimates_2026_2030_district_level.xlsx
DC9,2028,448713,120705,144022,294137,33871,Stats SA P0302 Short_term_estimates_2026_2030_district_level.xlsx
DC9,2029,451841,120070,145279,297425,34346,Stats SA P0302 Short_term_estimates_2026_2030_district_level.xlsx
DC9,2030,454968,119812,146243,300332,34824,Stats SA P0302 Short_term_estimates_2026_2030_district_level.xlsx
EKU,2026,4125336,965255,1331358,2890875,269206,Stats SA P0302 Short_term_estimates_2026_2030_district_level.xlsx
EKU,2027,4197256,969586,1350068,2945747,281923,Stats SA P0302 Short_term_estimates_2026_2030_district_level.xlsx
EKU,2028,4270274,975021,1371104,3000671,294582,Stats SA P0302 Short_term_estimates_2026_2030_district_level.xlsx
EKU,2029,4344587,981027,1395302,3056488,307073,Stats SA P0302 Short_term_estimates_2026_2030_district_level.xlsx
EKU,2030,4420132,991045,1418419,3109611,319476,Stats SA P0302 Short_term_estimates_2026_2030_district_level.xlsx
ETH,2026,4433339,1016043,1458473,3083740,333556,Stats SA P0302 Short_term_estimates_2026_2030_district_level.xlsx
ETH,2027,4494172,1017574,1464632,3127524,349074,Stats SA P0302 Short_term_estimates_2026_2030_district_level.xlsx
ETH,2028,4554413,1019107,1471606,3170679,364627,Stats SA P0302 Short_term_estimates_2026_2030_district_level.xlsx
ETH,2029,4614478,1019750,1481256,3214777,379952,Stats SA P0302 Short_term_estimates_2026_2030_district_level.xlsx
ETH,2030,4674485,1023309,1489803,3256248,394928,Stats SA P0302 Short_term_estimates_2026_2030_district_level.xlsx
JHB,2026,6003821,1199205,1935962,4379041,425576,Stats SA P0302 Short_term_estimates_2026_2030_district_level.xlsx
JHB,2027,6119297,1199833,1968711,4473056,446408,Stats SA P0302 Short_term_estimates_2026_2030_district_level.xlsx
JHB,2028,6235302,1200543,2005476,4567393,467367,Stats SA P0302 Short_term_estimates_2026_2030_district_level.xlsx
JHB,2029,6352269,1201510,2046298,4662321,488438,Stats SA P0302 Short_term_estimates_2026_2030_district_level.xlsx
JHB,2030,6470215,1208368,2083942,4751931,509916,Stats SA P0302 Short_term_estimates_2026_2030_district_level.xlsx
MAN,2026,864151,222518,279922,568533,73100,Stats SA P0302 Short_term_estimates_2026_2030_district_level.xlsx
MAN,2027,869254,222123,280381,572756,74375,Stats SA P0302 Short_term_estimates_2026_2030_district_level.xlsx
MAN,2028,874481,222175,280836,576662,75644,Stats SA P0302 Short_term_estimates_2026_2030_district_level.xlsx
MAN,2029,879876,222173,281962,580810,76893,Stats SA P0302 Short_term_estimates_2026_2030_district_level.xlsx
MAN,2030,885425,222831,283032,584441,78153,Stats SA P0302 Short_term_estimates_2026_2030_district_level.xlsx
NMA,2026,1262956,290092,345000,819768,153096,Stats SA P0302 Short_term_estimates_2026_2030_district_level.xlsx
NMA,2027,1262832,285496,344839,821413,155924,Stats SA P0302 Short_term_estimates_2026_2030_district_level.xlsx
NMA,2028,1263299,282031,344513,822548,158720,Stats SA P0302 Short_term_estimates_2026_2030_district_level.xlsx
NMA,2029,1264304,279037,344802,823823,161444,Stats SA P0302 Short_term_estimates_2026_2030_district_level.xlsx
NMA,2030,1265681,277530,344609,823995,164156,Stats SA P0302 Short_term_estimates_2026_2030_district_level.xlsx
TSH,2026,4125218,900439,1355564,2963612,261166,Stats SA P0302 Short_term_estimates_2026_2030_district_level.xlsx
TSH,2027,4215559,904049,1377731,3038118,273392,Stats SA P0302 Short_term_estimates_2026_2030_district_level.xlsx
TSH,2028,4307289,908083,1402534,3113486,285719,Stats SA P0302 Short_term_estimates_2026_2030_district_level.xlsx
TSH,2029,4400669,912161,1430894,3190316,298192,Stats SA P0302 Short_term_estimates_2026_2030_district_level.xlsx
TSH,2030,4495695,919908,1458581,3264718,311069,Stats SA P0302 Short_term_estimates_2026_2030_district_level.xlsx
