date,mun_code,efficient_measure,wellfare_measure,profile,province
2012,BUF,0.9996136118,0.574703629,1,Eastern Cape
2012,CPT,0.9999977625,0.708695779,1,Western Cape
2012,DC1,1.0,0.712713918,1,Western Cape
2012,DC10,0.999573507,0.661455687,1,Eastern Cape
2012,DC12,1.0,0.258010173,2,Eastern Cape
2012,DC13,0.9982950956,0.382382194,2,Eastern Cape
2012,DC14,0.9998137878,0.337836395,2,Eastern Cape
2012,DC15,0.3190644324,0.17373136,3,Eastern Cape
2012,DC16,0.9992231653,0.682325053,1,Free State
2012,DC18,0.9994816285,0.684813125,1,Free State
2012,DC19,0.9998023372,0.571394359,1,Free State
2012,DC2,0.9971245979,0.713670908,1,Western Cape
2012,DC20,0.9999729906,0.676326331,1,Free State
2012,DC21,0.9998789623,0.287873448,2,KwaZulu-Natal
2012,DC22,0.9999972676,0.520866911,1,KwaZulu-Natal
2012,DC23,0.9998822906,0.328014519,2,KwaZulu-Natal
2012,DC24,0.9999660955,0.235772549,2,KwaZulu-Natal
2012,DC25,0.9984274939,0.554208906,1,KwaZulu-Natal
2012,DC26,0.9998747659,0.308937344,2,KwaZulu-Natal
2012,DC27,0.9989186143,0.175245324,2,KwaZulu-Natal
2012,DC28,1.0,0.398295342,2,KwaZulu-Natal
2012,DC29,0.9996574716,0.324697388,2,KwaZulu-Natal
2012,DC3,0.9996132628,0.680925555,1,Western Cape
2012,DC30,0.9994905643,0.538534472,1,Mpumalanga
2012,DC31,0.9998326164,0.538256843,1,Mpumalanga
2012,DC32,1.0,0.386202841,2,Mpumalanga
2012,DC33,0.9991816805,0.242002535,2,Limpopo
2012,DC34,0.9922059732,0.231448872,2,Limpopo
2012,DC35,0.9998854674,0.403480151,2,Limpopo
2012,DC36,0.9999969082,0.439222902,2,Limpopo
2012,DC37,0.9998601103,0.478888832,2,North West
2012,DC38,0.9978999209,0.39875261,2,North West
2012,DC39,0.9962561892,0.374978439,2,North West
2012,DC4,0.9998906599,0.706404335,1,Western Cape
2012,DC40,0.9996137276,0.689395456,1,North West
2012,DC42,1.0,0.713566072,1,Gauteng
2012,DC43,0.9999968354,0.214061281,2,KwaZulu-Natal
2012,DC44,0.9997295789,0.134247986,2,Eastern Cape
2012,DC45,0.9979228037,0.380493247,2,Northern Cape
2012,DC47,0.9994589092,0.226523933,2,Limpopo
2012,DC48,0.9994920606,0.63475284,1,Gauteng
2012,DC5,0.9997855603,0.718852518,1,Western Cape
2012,DC6,0.9999053411,0.68193479,1,Northern Cape
2012,DC7,0.9993980653,0.660349775,1,Northern Cape
2012,DC8,0.9991123142,0.633034743,1,Northern Cape
2012,DC9,0.9997105761,0.665701277,1,Northern Cape
2012,EC101,1.0,0.725868116,1,Eastern Cape
2012,EC102,0.9995585793,0.666878204,1,Eastern Cape
2012,EC103,0.9976490361,0.648199708,1,Eastern Cape
2012,EC104,0.9999268143,0.662546256,1,Eastern Cape
2012,EC105,0.9984785995,0.559584124,1,Eastern Cape
2012,EC106,0.9989563013,0.561393827,1,Eastern Cape
2012,EC107,0.9992959522,0.613080476,1,Eastern Cape
2012,EC108,0.9988216846,0.618250601,1,Eastern Cape
2012,EC109,0.9982095308,0.649586383,1,Eastern Cape
2012,EC121,1.0,0.155085974,2,Eastern Cape
2012,EC122,0.9995296615,0.276328599,2,Eastern Cape
2012,EC123,0.9923968747,0.345310779,2,Eastern Cape
2012,EC124,1.0,0.359025174,2,Eastern Cape
2012,EC126,0.9954348124,0.289735039,2,Eastern Cape
2012,EC127,0.9999480986,0.451123468,2,Eastern Cape
2012,EC128,0.9999352049,0.640634868,1,Eastern Cape
2012,EC131,0.9998947106,0.697655679,1,Eastern Cape
2012,EC132,0.9989475136,0.384912516,2,Eastern Cape
2012,EC133,0.9988040796,0.677260337,1,Eastern Cape
2012,EC134,0.9997734628,0.5887349,1,Eastern Cape
2012,EC135,0.9965906493,0.18635603,2,Eastern Cape
2012,EC136,0.9979313778,0.313629254,2,Eastern Cape
2012,EC137,0.9973840147,0.16408711,2,Eastern Cape
2012,EC138,0.9984794825,0.344471991,2,Eastern Cape
2012,EC141,0.9989563753,0.159923441,2,Eastern Cape
2012,EC142,0.9999176192,0.330145882,2,Eastern Cape
2012,EC143,0.9986743017,0.619844662,1,Eastern Cape
2012,EC144,0.9976755973,0.647072577,1,Eastern Cape
2012,EC153,1.0,0.111577542,2,Eastern Cape
2012,EC154,1.0,0.112760027,2,Eastern Cape
2012,EC155,0.9993299367,0.131812775,2,Eastern Cape
2012,EC156,1.0,0.150628273,2,Eastern Cape
2012,EC157,0.9998095447,0.292425125,2,Eastern Cape
2012,EC441,0.9999797183,0.207467727,2,Eastern Cape
2012,EC442,0.9999995377,0.163978758,2,Eastern Cape
2012,EC443,0.9998383819,0.092283048,2,Eastern Cape
2012,EC444,0.9993280464,0.086652323,2,Eastern Cape
2012,EKU,0.9999334448,0.680643316,1,Gauteng
2012,ETH,0.9998335136,0.626096942,1,KwaZulu-Natal
2012,FS161,0.9981788491,0.650471416,1,Free State
2012,FS162,0.9969157405,0.673422829,1,Free State
2012,FS163,0.9978644492,0.632096414,1,Free State
2012,FS164,0.9982860191,0.675822814,1,Free State
2012,FS181,0.9959830173,0.649809488,1,Free State
2012,FS182,0.9979977215,0.505759785,1,Free State
2012,FS183,0.9998465479,0.672778524,1,Free State
2012,FS184,0.9955521503,0.68203028,1,Free State
2012,FS185,1.0,0.637097948,1,Free State
2012,FS191,0.9998252902,0.595088218,1,Free State
2012,FS192,0.9994059363,0.612852174,1,Free State
2012,FS193,0.9994036144,0.584591869,1,Free State
2012,FS194,0.9999843212,0.512304692,1,Free State
2012,FS195,0.997848258,0.548109908,1,Free State
2012,FS196,0.9996505063,0.638870691,1,Free State
2012,FS201,0.9995940746,0.693923669,1,Free State
2012,FS203,0.9998839187,0.648358414,1,Free State
2012,FS204,0.9995025206,0.662229781,1,Free State
2012,FS205,0.999455092,0.634771649,1,Free State
2012,GT421,0.9999930314,0.720121079,1,Gauteng
2012,GT422,1.0,0.631948647,1,Gauteng
2012,GT423,0.9999219934,0.677683671,1,Gauteng
2012,GT481,0.999755026,0.674589613,1,Gauteng
2012,GT482,0.9997398329,0.654573095,1,Gauteng
2012,GT483,0.9996827278,0.506422704,1,Gauteng
2012,GT484,0.9999878786,0.633095269,1,Gauteng
2012,JHB,0.9998487674,0.705571209,1,Gauteng
2012,KZN211,0.9988421456,0.137627185,2,KwaZulu-Natal
2012,KZN212,0.9996045568,0.423631368,2,KwaZulu-Natal
2012,KZN213,0.999341936,0.163696435,2,KwaZulu-Natal
2012,KZN214,0.9991210076,0.195796584,2,KwaZulu-Natal
2012,KZN215,0.9994892944,0.230456816,2,KwaZulu-Natal
2012,KZN216,0.9995310146,0.40163107,2,KwaZulu-Natal
2012,KZN221,0.9999758408,0.34780786,2,KwaZulu-Natal
2012,KZN222,1.0,0.605455865,1,KwaZulu-Natal
2012,KZN223,1.0,0.396058203,2,KwaZulu-Natal
2012,KZN224,0.9998765576,0.269331163,2,KwaZulu-Natal
2012,KZN225,0.9999512092,0.601191534,1,KwaZulu-Natal
2012,KZN226,0.9999151684,0.318003798,2,KwaZulu-Natal
2012,KZN227,0.9999966739,0.308575322,2,KwaZulu-Natal
2012,KZN232,0.9998981561,0.464493907,2,KwaZulu-Natal
2012,KZN233,0.9990439448,0.267951237,2,KwaZulu-Natal
2012,KZN234,1.0,0.393888628,2,KwaZulu-Natal
2012,KZN235,0.9985576744,0.223229441,2,KwaZulu-Natal
2012,KZN236,0.9999993124,0.168681049,2,KwaZulu-Natal
2012,KZN241,0.9998139553,0.55602243,1,KwaZulu-Natal
2012,KZN242,0.9997544248,0.230998403,2,KwaZulu-Natal
2012,KZN244,0.9994833155,0.108787589,2,KwaZulu-Natal
2012,KZN245,1.0,0.237195056,2,KwaZulu-Natal
2012,KZN252,0.9999348696,0.590119459,1,KwaZulu-Natal
2012,KZN253,0.9999950379,0.226222423,2,KwaZulu-Natal
2012,KZN254,1.0,0.319387383,2,KwaZulu-Natal
2012,KZN261,0.996722187,0.290111406,2,KwaZulu-Natal
2012,KZN262,0.9995406264,0.303892511,2,KwaZulu-Natal
2012,KZN263,0.9996064057,0.429414515,2,KwaZulu-Natal
2012,KZN265,0.9980234656,0.250833701,2,KwaZulu-Natal
2012,KZN266,0.9998109992,0.318480203,2,KwaZulu-Natal
2012,KZN271,0.9975971135,0.113605052,2,KwaZulu-Natal
2012,KZN272,0.9970570381,0.155775646,2,KwaZulu-Natal
2012,KZN273,0.9990987717,0.204504908,2,KwaZulu-Natal
2012,KZN274,0.9986803701,0.18346862,2,KwaZulu-Natal
2012,KZN275,0.9991548118,0.307443353,2,KwaZulu-Natal
2012,KZN281,0.9995345128,0.318850782,2,KwaZulu-Natal
2012,KZN282,1.0,0.605877913,1,KwaZulu-Natal
2012,KZN283,1.0,0.195505988,2,KwaZulu-Natal
2012,KZN284,0.9999104406,0.266423736,2,KwaZulu-Natal
2012,KZN285,0.9998815471,0.269725849,2,KwaZulu-Natal
2012,KZN286,0.9978301218,0.217430866,2,KwaZulu-Natal
2012,KZN291,1.0,0.381279343,2,KwaZulu-Natal
2012,KZN292,0.9998497399,0.432518184,2,KwaZulu-Natal
2012,KZN293,0.9995566999,0.209517717,2,KwaZulu-Natal
2012,KZN294,0.9987443904,0.137163337,2,KwaZulu-Natal
2012,KZN431,0.9997180723,0.153395638,2,KwaZulu-Natal
2012,KZN432,0.9974554152,0.338949879,2,KwaZulu-Natal
2012,KZN433,0.9990356346,0.538938755,1,KwaZulu-Natal
2012,KZN434,0.9999887981,0.129693148,2,KwaZulu-Natal
2012,KZN435,0.9996079059,0.164096014,2,KwaZulu-Natal
2012,LIM331,0.9998631568,0.190041147,2,Limpopo
2012,LIM332,0.9978689356,0.212933092,2,Limpopo
2012,LIM333,0.9995275411,0.270043402,2,Limpopo
2012,LIM334,0.9988990233,0.466992056,2,Limpopo
2012,LIM335,0.9984515117,0.188822688,2,Limpopo
2012,LIM341,0.9982505125,0.548149806,1,Limpopo
2012,LIM342,0.9987023441,0.115007101,2,Limpopo
2012,LIM343,0.9996303743,0.239445889,2,Limpopo
2012,LIM344,0.999612346,0.227599913,2,Limpopo
2012,LIM351,0.9995760731,0.196902993,2,Limpopo
2012,LIM352,0.9985153708,0.303450573,2,Limpopo
2012,LIM353,1.0,0.359514975,2,Limpopo
2012,LIM354,0.9991956686,0.489700904,2,Limpopo
2012,LIM355,0.9985394261,0.320057987,2,Limpopo
2012,LIM361,0.9968744202,0.554204282,1,Limpopo
2012,LIM362,0.9997851434,0.427335483,2,Limpopo
2012,LIM364,0.9996361527,0.611795979,1,Limpopo
2012,LIM365,0.9995478882,0.57010887,1,Limpopo
2012,LIM366,0.9995100574,0.606324297,1,Limpopo
2012,LIM367,0.9998722589,0.355437846,2,Limpopo
2012,LIM471,0.9960962645,0.298786259,2,Limpopo
2012,LIM472,0.9988704519,0.305943266,2,Limpopo
2012,LIM473,0.9996467603,0.205748266,2,Limpopo
2012,LIM474,0.9997954011,0.220378493,2,Limpopo
2012,LIM475,0.9962124894,0.214294231,2,Limpopo
2012,MAN,0.9990129741,0.633151152,1,Free State
2012,MP301,0.9992493086,0.353657969,2,Mpumalanga
2012,MP302,1.0,0.513021248,1,Mpumalanga
2012,MP303,0.9999777649,0.336702693,2,Mpumalanga
2012,MP304,0.9999578024,0.487936867,2,Mpumalanga
2012,MP305,0.9979898217,0.671750998,1,Mpumalanga
2012,MP306,0.9985418477,0.586584503,1,Mpumalanga
2012,MP307,0.9995215537,0.711624011,1,Mpumalanga
2012,MP311,1.0,0.608824847,1,Mpumalanga
2012,MP312,0.9999263463,0.613228586,1,Mpumalanga
2012,MP313,0.9989878097,0.638193217,1,Mpumalanga
2012,MP314,0.9999280154,0.516384779,1,Mpumalanga
2012,MP315,0.9997109814,0.472269614,2,Mpumalanga
2012,MP316,1.0,0.399915125,2,Mpumalanga
2012,MP321,0.9996831384,0.568146441,1,Mpumalanga
2012,MP322,0.9999689495,0.474942701,2,Mpumalanga
2012,MP323,0.9999964339,0.533661051,1,Mpumalanga
2012,MP324,0.9987358376,0.353594572,2,Mpumalanga
2012,MP325,0.9957340055,0.277435283,2,Mpumalanga
2012,NC061,0.9998178222,0.698892666,1,Northern Cape
2012,NC062,0.9986492501,0.685299264,1,Northern Cape
2012,NC064,0.9981523811,0.577967945,1,Northern Cape
2012,NC065,0.9993182016,0.669744252,1,Northern Cape
2012,NC066,1.0,0.535635105,1,Northern Cape
2012,NC067,0.9990094323,0.667551603,1,Northern Cape
2012,NC071,0.9989496819,0.651421812,1,Northern Cape
2012,NC072,0.9984914154,0.658815738,1,Northern Cape
2012,NC073,0.9996420889,0.688452563,1,Northern Cape
2012,NC074,0.999785368,0.647292409,1,Northern Cape
2012,NC075,0.9959627856,0.670223254,1,Northern Cape
2012,NC076,0.9972452137,0.55606452,1,Northern Cape
2012,NC077,0.9975528342,0.657320763,1,Northern Cape
2012,NC078,0.9992265589,0.59752436,1,Northern Cape
2012,NC081,0.9989083144,0.558244948,1,Northern Cape
2012,NC082,0.9979435745,0.614776383,1,Northern Cape
2012,NC083,0.9987705347,0.654904934,1,Northern Cape
2012,NC084,0.9984054579,0.528493431,1,Northern Cape
2012,NC085,0.991640044,0.63470947,1,Northern Cape
2012,NC086,0.9992612843,0.712919717,1,Northern Cape
2012,NC091,0.9999721669,0.67941982,1,Northern Cape
2012,NC092,1.0,0.611380922,1,Northern Cape
2012,NC093,0.9992398987,0.672415791,1,Northern Cape
2012,NC094,0.9985478394,0.617156404,1,Northern Cape
2012,NC451,0.9999950489,0.16135296,2,Northern Cape
2012,NC452,0.9980988882,0.371632322,2,Northern Cape
2012,NC453,1.0,0.694703773,1,Northern Cape
2012,NMA,0.9996493188,0.704481382,1,Eastern Cape
2012,NW371,0.9995494338,0.399557094,2,North West
2012,NW372,0.999890098,0.482167728,2,North West
2012,NW373,0.9989565041,0.589268442,1,North West
2012,NW374,0.9999984557,0.572742572,1,North West
2012,NW375,0.9966656757,0.377500789,2,North West
2012,NW381,0.9989802361,0.179427048,2,North West
2012,NW382,0.9995510731,0.415321375,2,North West
2012,NW383,0.9994406538,0.436914872,2,North West
2012,NW384,0.9999960404,0.491269076,2,North West
2012,NW385,0.0,0.356733321,3,North West
2012,NW392,0.9981349347,0.559354075,1,North West
2012,NW393,0.9976337549,0.569519761,1,North West
2012,NW394,0.9999743451,0.266046004,2,North West
2012,NW396,0.9983474334,0.70853386,1,North West
2012,NW397,1.0,0.242138472,2,North West
2012,NW401,0.9974295537,0.465944808,2,North West
2012,NW402,0.9973467445,0.689715567,1,North West
2012,NW403,0.9986203929,0.70493483,1,North West
2012,NW404,0.9998373706,0.61481132,1,North West
2012,TSH,0.9998152168,0.678458085,1,Gauteng
2012,WC011,0.9991333978,0.66451707,1,Western Cape
2012,WC012,0.9985319069,0.66809104,1,Western Cape
2012,WC013,0.9993598593,0.698942586,1,Western Cape
2012,WC014,0.9999731372,0.706038112,1,Western Cape
2012,WC015,0.9999055446,0.70615472,1,Western Cape
2012,WC022,0.9998098801,0.692917136,1,Western Cape
2012,WC023,0.999834263,0.711611217,1,Western Cape
2012,WC024,0.9999996003,0.71095056,1,Western Cape
2012,WC025,0.9999738368,0.695228025,1,Western Cape
2012,WC026,0.9999739341,0.702217557,1,Western Cape
2012,WC031,0.9990458774,0.655016752,1,Western Cape
2012,WC032,0.9999985974,0.626021046,1,Western Cape
2012,WC033,0.99971724,0.703267611,1,Western Cape
2012,WC034,0.9995152098,0.674111907,1,Western Cape
2012,WC041,0.9991170538,0.631654533,1,Western Cape
2012,WC042,0.9999910214,0.695660203,1,Western Cape
2012,WC043,0.9982127161,0.69930204,1,Western Cape
2012,WC044,0.9997186875,0.690510268,1,Western Cape
2012,WC045,0.9998282659,0.625167729,1,Western Cape
2012,WC047,0.9987348233,0.678165846,1,Western Cape
2012,WC048,0.9985572796,0.608490934,1,Western Cape
2012,WC051,0.9986490897,0.69450831,1,Western Cape
2012,WC052,0.99955635,0.654090735,1,Western Cape
2012,WC053,0.9996766192,0.714880049,1,Western Cape
2013,BUF,0.9998446752,0.574703629,1,Eastern Cape
2013,CPT,0.9999998063,0.708695779,1,Western Cape
2013,DC1,1.0,0.712713918,1,Western Cape
2013,DC10,0.9997054534,0.661455687,1,Eastern Cape
2013,DC12,0.9995286391,0.258010173,2,Eastern Cape
2013,DC13,0.999749393,0.382382194,2,Eastern Cape
2013,DC14,0.9999060826,0.337836395,2,Eastern Cape
2013,DC15,0.9989593954,0.17373136,2,Eastern Cape
2013,DC16,0.9981950748,0.682325053,1,Free State
2013,DC18,0.9162463612,0.684813125,1,Free State
2013,DC19,0.9981268117,0.571394359,1,Free State
2013,DC2,0.9998415371,0.713670908,1,Western Cape
2013,DC20,0.9999059795,0.676326331,1,Free State
2013,DC21,0.9995375168,0.287873448,2,KwaZulu-Natal
2013,DC22,0.9999984764,0.520866911,1,KwaZulu-Natal
2013,DC23,0.9978621715,0.328014519,2,KwaZulu-Natal
2013,DC24,0.9998594303,0.235772549,2,KwaZulu-Natal
2013,DC25,1.0,0.554208906,1,KwaZulu-Natal
2013,DC26,0.9999856729,0.308937344,2,KwaZulu-Natal
2013,DC27,0.9915953231,0.175245324,2,KwaZulu-Natal
2013,DC28,1.0,0.398295342,2,KwaZulu-Natal
2013,DC29,0.9998348481,0.324697388,2,KwaZulu-Natal
2013,DC3,0.9998752638,0.680925555,1,Western Cape
2013,DC30,0.9983370522,0.538534472,1,Mpumalanga
2013,DC31,0.9991920306,0.538256843,1,Mpumalanga
2013,DC32,1.0,0.386202841,2,Mpumalanga
2013,DC33,0.998158044,0.242002535,2,Limpopo
2013,DC34,0.9923904212,0.231448872,2,Limpopo
2013,DC35,0.9997629988,0.403480151,2,Limpopo
2013,DC36,0.9999997772,0.439222902,2,Limpopo
2013,DC37,0.9998285879,0.478888832,2,North West
2013,DC38,0.9996398178,0.39875261,2,North West
2013,DC39,0.9997072259,0.374978439,2,North West
2013,DC4,0.9877097419,0.706404335,1,Western Cape
2013,DC40,0.9999158596,0.689395456,1,North West
2013,DC42,0.9999992823,0.713566072,1,Gauteng
2013,DC43,0.9951165919,0.214061281,2,KwaZulu-Natal
2013,DC44,0.9999953735,0.134247986,2,Eastern Cape
2013,DC45,0.9999639576,0.380493247,2,Northern Cape
2013,DC47,0.9968860258,0.226523933,2,Limpopo
2013,DC48,0.9999368725,0.63475284,1,Gauteng
2013,DC5,0.9997252505,0.718852518,1,Western Cape
2013,DC6,0.9994577026,0.68193479,1,Northern Cape
2013,DC7,0.9967635036,0.660349775,1,Northern Cape
2013,DC8,0.9997029224,0.633034743,1,Northern Cape
2013,DC9,0.9999397054,0.665701277,1,Northern Cape
2013,EC101,0.9996156426,0.725868116,1,Eastern Cape
2013,EC102,0.9994724534,0.666878204,1,Eastern Cape
2013,EC103,0.9980511286,0.648199708,1,Eastern Cape
2013,EC104,0.9976697036,0.662546256,1,Eastern Cape
2013,EC105,0.9987306477,0.559584124,1,Eastern Cape
2013,EC106,0.9988080091,0.561393827,1,Eastern Cape
2013,EC107,0.9990887668,0.613080476,1,Eastern Cape
2013,EC108,0.9996604453,0.618250601,1,Eastern Cape
2013,EC109,1.0,0.649586383,1,Eastern Cape
2013,EC121,0.9985626779,0.155085974,2,Eastern Cape
2013,EC122,0.9979248851,0.276328599,2,Eastern Cape
2013,EC123,0.9933766293,0.345310779,2,Eastern Cape
2013,EC124,0.9998291376,0.359025174,2,Eastern Cape
2013,EC126,0.9992746111,0.289735039,2,Eastern Cape
2013,EC127,0.999882088,0.451123468,2,Eastern Cape
2013,EC128,0.9999480133,0.640634868,1,Eastern Cape
2013,EC131,0.999213694,0.697655679,1,Eastern Cape
2013,EC132,0.9987019995,0.384912516,2,Eastern Cape
2013,EC133,0.9955466087,0.677260337,1,Eastern Cape
2013,EC134,0.9989538226,0.5887349,1,Eastern Cape
2013,EC135,0.9999988786,0.18635603,2,Eastern Cape
2013,EC136,0.996912404,0.313629254,2,Eastern Cape
2013,EC137,0.9970736167,0.16408711,2,Eastern Cape
2013,EC138,0.9975493652,0.344471991,2,Eastern Cape
2013,EC141,0.9991572329,0.159923441,2,Eastern Cape
2013,EC142,0.9999046995,0.330145882,2,Eastern Cape
2013,EC143,0.9996589189,0.619844662,1,Eastern Cape
2013,EC144,0.9982153353,0.647072577,1,Eastern Cape
2013,EC153,1.0,0.111577542,2,Eastern Cape
2013,EC154,1.0,0.112760027,2,Eastern Cape
2013,EC155,0.9990002759,0.131812775,2,Eastern Cape
2013,EC156,0.9919568725,0.150628273,2,Eastern Cape
2013,EC157,0.9990617653,0.292425125,2,Eastern Cape
2013,EC441,0.9997193069,0.207467727,2,Eastern Cape
2013,EC442,0.9830054203,0.163978758,2,Eastern Cape
2013,EC443,0.9996952498,0.092283048,2,Eastern Cape
2013,EC444,0.9999906692,0.086652323,2,Eastern Cape
2013,EKU,0.9999663371,0.680643316,1,Gauteng
2013,ETH,0.999935378,0.626096942,1,KwaZulu-Natal
2013,FS161,0.9957593921,0.650471416,1,Free State
2013,FS162,0.99261913,0.673422829,1,Free State
2013,FS163,0.9941831014,0.632096414,1,Free State
2013,FS164,0.9988133527,0.675822814,1,Free State
2013,FS181,0.9831167302,0.649809488,1,Free State
2013,FS182,0.9811355432,0.505759785,1,Free State
2013,FS183,0.9998662931,0.672778524,1,Free State
2013,FS184,0.9915045458,0.68203028,1,Free State
2013,FS185,0.9985208533,0.637097948,1,Free State
2013,FS191,0.99775247,0.595088218,1,Free State
2013,FS192,0.9999527753,0.612852174,1,Free State
2013,FS193,0.9856994079,0.584591869,1,Free State
2013,FS194,0.999950253,0.512304692,1,Free State
2013,FS195,0.9943221017,0.548109908,1,Free State
2013,FS196,0.9973299462,0.638870691,1,Free State
2013,FS201,0.9978032127,0.693923669,1,Free State
2013,FS203,0.9985338313,0.648358414,1,Free State
2013,FS204,0.9977713351,0.662229781,1,Free State
2013,FS205,0.9991844324,0.634771649,1,Free State
2013,GT421,0.9998195337,0.720121079,1,Gauteng
2013,GT422,0.9996723315,0.631948647,1,Gauteng
2013,GT423,0.9998483604,0.677683671,1,Gauteng
2013,GT481,0.9998638041,0.674589613,1,Gauteng
2013,GT482,0.9995637826,0.654573095,1,Gauteng
2013,GT483,0.9998128426,0.506422704,1,Gauteng
2013,GT484,0.999866493,0.633095269,1,Gauteng
2013,JHB,0.999968681,0.705571209,1,Gauteng
2013,KZN211,0.9971734407,0.137627185,2,KwaZulu-Natal
2013,KZN212,0.999398543,0.423631368,2,KwaZulu-Natal
2013,KZN214,0.9999273482,0.195796584,2,KwaZulu-Natal
2013,KZN215,0.9985957378,0.230456816,2,KwaZulu-Natal
2013,KZN216,0.9998092724,0.40163107,2,KwaZulu-Natal
2013,KZN221,0.9997167269,0.34780786,2,KwaZulu-Natal
2013,KZN222,0.9999239188,0.605455865,1,KwaZulu-Natal
2013,KZN223,0.9987366738,0.396058203,2,KwaZulu-Natal
2013,KZN224,0.9999858113,0.269331163,2,KwaZulu-Natal
2013,KZN225,1.0,0.601191534,1,KwaZulu-Natal
2013,KZN226,0.9998860813,0.318003798,2,KwaZulu-Natal
2013,KZN227,0.9994036719,0.308575322,2,KwaZulu-Natal
2013,KZN232,0.9999377776,0.464493907,2,KwaZulu-Natal
2013,KZN233,0.9999997583,0.267951237,2,KwaZulu-Natal
2013,KZN234,0.9998407539,0.393888628,2,KwaZulu-Natal
2013,KZN235,0.9991746403,0.223229441,2,KwaZulu-Natal
2013,KZN236,0.9939036827,0.168681049,2,KwaZulu-Natal
2013,KZN241,0.9999302334,0.55602243,1,KwaZulu-Natal
2013,KZN242,1.0,0.230998403,2,KwaZulu-Natal
2013,KZN244,0.9967922418,0.108787589,2,KwaZulu-Natal
2013,KZN245,1.0,0.237195056,2,KwaZulu-Natal
2013,KZN252,0.9986340462,0.590119459,1,KwaZulu-Natal
2013,KZN253,0.9996306093,0.226222423,2,KwaZulu-Natal
2013,KZN254,0.9990503382,0.319387383,2,KwaZulu-Natal
2013,KZN261,0.9931450461,0.290111406,2,KwaZulu-Natal
2013,KZN262,0.9986571201,0.303892511,2,KwaZulu-Natal
2013,KZN263,0.999991229,0.429414515,2,KwaZulu-Natal
2013,KZN265,0.9982245279,0.250833701,2,KwaZulu-Natal
2013,KZN266,0.9996447241,0.318480203,2,KwaZulu-Natal
2013,KZN271,0.9956616729,0.113605052,2,KwaZulu-Natal
2013,KZN272,0.9999938822,0.155775646,2,KwaZulu-Natal
2013,KZN273,0.999735378,0.204504908,2,KwaZulu-Natal
2013,KZN274,0.9978196707,0.18346862,2,KwaZulu-Natal
2013,KZN275,0.9977991397,0.307443353,2,KwaZulu-Natal
2013,KZN281,0.9966770757,0.318850782,2,KwaZulu-Natal
2013,KZN282,1.0,0.605877913,1,KwaZulu-Natal
2013,KZN283,1.0,0.195505988,2,KwaZulu-Natal
2013,KZN284,0.9988065192,0.266423736,2,KwaZulu-Natal
2013,KZN285,1.0,0.269725849,2,KwaZulu-Natal
2013,KZN286,0.997377719,0.217430866,2,KwaZulu-Natal
2013,KZN291,0.9999463337,0.381279343,2,KwaZulu-Natal
2013,KZN292,0.9997702623,0.432518184,2,KwaZulu-Natal
2013,KZN293,0.9996770489,0.209517717,2,KwaZulu-Natal
2013,KZN294,0.9953437464,0.137163337,2,KwaZulu-Natal
2013,KZN431,1.0,0.153395638,2,KwaZulu-Natal
2013,KZN432,0.9964528042,0.338949879,2,KwaZulu-Natal
2013,KZN433,0.9992765942,0.538938755,1,KwaZulu-Natal
2013,KZN434,1.0,0.129693148,2,KwaZulu-Natal
2013,KZN435,0.9996795895,0.164096014,2,KwaZulu-Natal
2013,LIM331,0.9998270236,0.190041147,2,Limpopo
2013,LIM332,0.9987284709,0.212933092,2,Limpopo
2013,LIM333,0.9994001869,0.270043402,2,Limpopo
2013,LIM334,0.9989538955,0.466992056,2,Limpopo
2013,LIM335,0.999744951,0.188822688,2,Limpopo
2013,LIM341,1.0,0.548149806,1,Limpopo
2013,LIM342,1.0,0.115007101,2,Limpopo
2013,LIM343,1.0,0.239445889,2,Limpopo
2013,LIM344,0.9986360818,0.227599913,2,Limpopo
2013,LIM351,0.9993105189,0.196902993,2,Limpopo
2013,LIM352,1.0,0.303450573,2,Limpopo
2013,LIM353,1.0,0.359514975,2,Limpopo
2013,LIM354,0.9991538412,0.489700904,2,Limpopo
2013,LIM355,0.9982349847,0.320057987,2,Limpopo
2013,LIM361,0.9924565705,0.554204282,1,Limpopo
2013,LIM362,1.0,0.427335483,2,Limpopo
2013,LIM364,0.9995644771,0.611795979,1,Limpopo
2013,LIM365,0.9998295291,0.57010887,1,Limpopo
2013,LIM366,0.9987179232,0.606324297,1,Limpopo
2013,LIM367,1.0,0.355437846,2,Limpopo
2013,LIM471,1.0,0.298786259,2,Limpopo
2013,LIM472,0.9900471494,0.305943266,2,Limpopo
2013,LIM473,1.0,0.205748266,2,Limpopo
2013,LIM474,1.0,0.220378493,2,Limpopo
2013,MAN,0.9988361828,0.633151152,1,Free State
2013,MP301,0.9972323771,0.353657969,2,Mpumalanga
2013,MP302,0.9989984888,0.513021248,1,Mpumalanga
2013,MP303,0.9990633951,0.336702693,2,Mpumalanga
2013,MP304,0.9966208291,0.487936867,2,Mpumalanga
2013,MP305,0.996918852,0.671750998,1,Mpumalanga
2013,MP306,0.9977901318,0.586584503,1,Mpumalanga
2013,MP307,0.9999384423,0.711624011,1,Mpumalanga
2013,MP311,0.9995905495,0.608824847,1,Mpumalanga
2013,MP312,0.9998604111,0.613228586,1,Mpumalanga
2013,MP313,1.0,0.638193217,1,Mpumalanga
2013,MP314,0.9990359626,0.516384779,1,Mpumalanga
2013,MP315,0.9985824935,0.472269614,2,Mpumalanga
2013,MP316,0.9999905684,0.399915125,2,Mpumalanga
2013,MP321,0.9992090851,0.568146441,1,Mpumalanga
2013,MP322,0.999759819,0.474942701,2,Mpumalanga
2013,MP323,0.9977375816,0.533661051,1,Mpumalanga
2013,MP324,0.9991549793,0.353594572,2,Mpumalanga
2013,MP325,0.9941421916,0.277435283,2,Mpumalanga
2013,NC061,0.9987935519,0.698892666,1,Northern Cape
2013,NC062,0.9968565265,0.685299264,1,Northern Cape
2013,NC064,0.9934811535,0.577967945,1,Northern Cape
2013,NC065,0.9997358461,0.669744252,1,Northern Cape
2013,NC066,0.9943008038,0.535635105,1,Northern Cape
2013,NC067,0.998189039,0.667551603,1,Northern Cape
2013,NC071,0.9998908642,0.651421812,1,Northern Cape
2013,NC072,0.9968233383,0.658815738,1,Northern Cape
2013,NC073,0.9980990959,0.688452563,1,Northern Cape
2013,NC074,0.9993267823,0.647292409,1,Northern Cape
2013,NC075,0.9921370272,0.670223254,1,Northern Cape
2013,NC076,0.9954942403,0.55606452,1,Northern Cape
2013,NC077,0.9973240032,0.657320763,1,Northern Cape
2013,NC078,0.9961287622,0.59752436,1,Northern Cape
2013,NC081,0.9974453653,0.558244948,1,Northern Cape
2013,NC082,0.999808761,0.614776383,1,Northern Cape
2013,NC083,0.9996388402,0.654904934,1,Northern Cape
2013,NC084,0.9997589429,0.528493431,1,Northern Cape
2013,NC085,0.9972531507,0.63470947,1,Northern Cape
2013,NC086,0.9974687212,0.712919717,1,Northern Cape
2013,NC091,0.999950753,0.67941982,1,Northern Cape
2013,NC092,0.9999959502,0.611380922,1,Northern Cape
2013,NC093,0.9998105779,0.672415791,1,Northern Cape
2013,NC094,0.999855074,0.617156404,1,Northern Cape
2013,NC451,0.9989697799,0.16135296,2,Northern Cape
2013,NC452,0.9997319004,0.371632322,2,Northern Cape
2013,NC453,0.9992309218,0.694703773,1,Northern Cape
2013,NMA,0.9997074723,0.704481382,1,Eastern Cape
2013,NW371,0.9994807864,0.399557094,2,North West
2013,NW372,0.9999927979,0.482167728,2,North West
2013,NW373,0.9993826907,0.589268442,1,North West
2013,NW374,0.999271205,0.572742572,1,North West
2013,NW375,0.9962488276,0.377500789,2,North West
2013,NW381,0.9990936901,0.179427048,2,North West
2013,NW382,0.9988603801,0.415321375,2,North West
2013,NW383,0.9977839985,0.436914872,2,North West
2013,NW384,0.9999587557,0.491269076,2,North West
2013,NW385,0.9999557957,0.356733321,2,North West
2013,NW392,0.9975987923,0.559354075,1,North West
2013,NW393,0.9977072541,0.569519761,1,North West
2013,NW394,0.9985654484,0.266046004,2,North West
2013,NW396,0.9999498372,0.70853386,1,North West
2013,NW397,1.0,0.242138472,2,North West
2013,NW401,0.9962343858,0.465944808,2,North West
2013,NW402,0.9972924135,0.689715567,1,North West
2013,NW403,0.997121984,0.70493483,1,North West
2013,NW404,0.9992027354,0.61481132,1,North West
2013,TSH,0.9998598831,0.678458085,1,Gauteng
2013,WC011,0.9975072293,0.66451707,1,Western Cape
2013,WC012,0.9998319842,0.66809104,1,Western Cape
2013,WC013,0.9999538891,0.698942586,1,Western Cape
2013,WC014,0.9998056588,0.706038112,1,Western Cape
2013,WC015,0.9997884068,0.70615472,1,Western Cape
2013,WC022,0.9999946233,0.692917136,1,Western Cape
2013,WC023,0.9999759265,0.711611217,1,Western Cape
2013,WC024,0.9997644888,0.71095056,1,Western Cape
2013,WC025,0.9999997187,0.695228025,1,Western Cape
2013,WC026,1.0,0.702217557,1,Western Cape
2013,WC031,0.9989366602,0.655016752,1,Western Cape
2013,WC032,0.9998226374,0.626021046,1,Western Cape
2013,WC033,0.9994721634,0.703267611,1,Western Cape
2013,WC034,0.9996278075,0.674111907,1,Western Cape
2013,WC041,0.9976007329,0.631654533,1,Western Cape
2013,WC042,0.9998249791,0.695660203,1,Western Cape
2013,WC043,0.9991455547,0.69930204,1,Western Cape
2013,WC044,0.9998815482,0.690510268,1,Western Cape
2013,WC045,0.9994487093,0.625167729,1,Western Cape
2013,WC047,0.9991256787,0.678165846,1,Western Cape
2013,WC048,0.9966059691,0.608490934,1,Western Cape
2013,WC051,0.9979702232,0.69450831,1,Western Cape
2013,WC052,0.999217061,0.654090735,1,Western Cape
2013,WC053,0.999680269,0.714880049,1,Western Cape
2014,BUF,0.9994297251,0.574703629,1,Eastern Cape
2014,CPT,0.9999999589,0.708695779,1,Western Cape
2014,DC1,1.0,0.712713918,1,Western Cape
2014,DC10,0.9996124645,0.661455687,1,Eastern Cape
2014,DC12,0.9999963456,0.258010173,2,Eastern Cape
2014,DC13,0.9990869335,0.382382194,2,Eastern Cape
2014,DC14,0.9999925376,0.337836395,2,Eastern Cape
2014,DC15,0.9994212689,0.17373136,2,Eastern Cape
2014,DC16,0.9992101879,0.682325053,1,Free State
2014,DC18,0.9997824153,0.684813125,1,Free State
2014,DC19,0.9999754208,0.571394359,1,Free State
2014,DC2,0.9999977396,0.713670908,1,Western Cape
2014,DC20,0.9998842984,0.676326331,1,Free State
2014,DC21,0.9990998353,0.287873448,2,KwaZulu-Natal
2014,DC22,0.9999986575,0.520866911,1,KwaZulu-Natal
2014,DC23,0.9988688552,0.328014519,2,KwaZulu-Natal
2014,DC24,0.9991204936,0.235772549,2,KwaZulu-Natal
2014,DC25,0.9911399235,0.554208906,1,KwaZulu-Natal
2014,DC26,0.9999985943,0.308937344,2,KwaZulu-Natal
2014,DC27,0.9944943613,0.175245324,2,KwaZulu-Natal
2014,DC28,1.0,0.398295342,2,KwaZulu-Natal
2014,DC29,0.9998979886,0.324697388,2,KwaZulu-Natal
2014,DC3,0.9998995438,0.680925555,1,Western Cape
2014,DC30,0.9999948396,0.538534472,1,Mpumalanga
2014,DC31,0.9999416753,0.538256843,1,Mpumalanga
2014,DC32,0.9999668468,0.386202841,2,Mpumalanga
2014,DC33,0.9998390113,0.242002535,2,Limpopo
2014,DC34,0.9991348324,0.231448872,2,Limpopo
2014,DC35,0.9999193556,0.403480151,2,Limpopo
2014,DC36,0.9999999304,0.439222902,2,Limpopo
2014,DC37,0.9987316139,0.478888832,2,North West
2014,DC38,0.9978840596,0.39875261,2,North West
2014,DC39,0.99768804,0.374978439,2,North West
2014,DC4,0.9992052585,0.706404335,1,Western Cape
2014,DC40,0.999898313,0.689395456,1,North West
2014,DC42,0.9999947307,0.713566072,1,Gauteng
2014,DC43,0.9960267286,0.214061281,2,KwaZulu-Natal
2014,DC44,0.997478384,0.134247986,2,Eastern Cape
2014,DC45,0.9996731343,0.380493247,2,Northern Cape
2014,DC47,0.9992517383,0.226523933,2,Limpopo
2014,DC48,1.0,0.63475284,1,Gauteng
2014,DC5,0.9996205539,0.718852518,1,Western Cape
2014,DC6,1.0,0.68193479,1,Northern Cape
2014,DC7,0.9978316001,0.660349775,1,Northern Cape
2014,DC8,0.99953769,0.633034743,1,Northern Cape
2014,DC9,0.9999399348,0.665701277,1,Northern Cape
2014,EC101,0.9995434419,0.725868116,1,Eastern Cape
2014,EC102,0.9990002467,0.666878204,1,Eastern Cape
2014,EC103,0.9930934049,0.648199708,1,Eastern Cape
2014,EC104,0.9984068047,0.662546256,1,Eastern Cape
2014,EC105,0.996717967,0.559584124,1,Eastern Cape
2014,EC106,0.995465898,0.561393827,1,Eastern Cape
2014,EC107,0.9994133531,0.613080476,1,Eastern Cape
2014,EC108,0.9997950165,0.618250601,1,Eastern Cape
2014,EC109,0.9985269947,0.649586383,1,Eastern Cape
2014,EC121,0.9994727496,0.155085974,2,Eastern Cape
2014,EC122,0.998843749,0.276328599,2,Eastern Cape
2014,EC123,0.999475064,0.345310779,2,Eastern Cape
2014,EC124,0.9977566485,0.359025174,2,Eastern Cape
2014,EC126,0.998598849,0.289735039,2,Eastern Cape
2014,EC127,0.9992219471,0.451123468,2,Eastern Cape
2014,EC128,0.9984616971,0.640634868,1,Eastern Cape
2014,EC131,0.9996948536,0.697655679,1,Eastern Cape
2014,EC132,0.9997467661,0.384912516,2,Eastern Cape
2014,EC133,0.9994739493,0.677260337,1,Eastern Cape
2014,EC134,0.9991153778,0.5887349,1,Eastern Cape
2014,EC135,0.9982119723,0.18635603,2,Eastern Cape
2014,EC136,0.9984652782,0.313629254,2,Eastern Cape
2014,EC137,0.999997261,0.16408711,2,Eastern Cape
2014,EC138,0.9978387613,0.344471991,2,Eastern Cape
2014,EC141,0.9998618047,0.159923441,2,Eastern Cape
2014,EC142,0.9999607476,0.330145882,2,Eastern Cape
2014,EC143,0.9993298125,0.619844662,1,Eastern Cape
2014,EC144,0.9993292516,0.647072577,1,Eastern Cape
2014,EC153,0.9999846938,0.111577542,2,Eastern Cape
2014,EC154,0.9976290705,0.112760027,2,Eastern Cape
2014,EC155,0.9994389503,0.131812775,2,Eastern Cape
2014,EC156,0.9967556582,0.150628273,2,Eastern Cape
2014,EC157,0.9969543934,0.292425125,2,Eastern Cape
2014,EC441,0.999697555,0.207467727,2,Eastern Cape
2014,EC442,0.9999845868,0.163978758,2,Eastern Cape
2014,EC443,0.9995038998,0.092283048,2,Eastern Cape
2014,EC444,0.9986514375,0.086652323,2,Eastern Cape
2014,EKU,0.9999535732,0.680643316,1,Gauteng
2014,ETH,0.9999398992,0.626096942,1,KwaZulu-Natal
2014,FS161,0.9985949346,0.650471416,1,Free State
2014,FS162,0.9985482989,0.673422829,1,Free State
2014,FS163,0.9991751508,0.632096414,1,Free State
2014,FS164,0.9981378388,0.675822814,1,Free State
2014,FS181,0.9994116877,0.649809488,1,Free State
2014,FS182,0.998822632,0.505759785,1,Free State
2014,FS183,0.9999013716,0.672778524,1,Free State
2014,FS184,0.9985671222,0.68203028,1,Free State
2014,FS185,0.9979200344,0.637097948,1,Free State
2014,FS191,0.9984171959,0.595088218,1,Free State
2014,FS192,0.9991278851,0.612852174,1,Free State
2014,FS193,0.9996019533,0.584591869,1,Free State
2014,FS194,0.9983217535,0.512304692,1,Free State
2014,FS195,0.9977010012,0.548109908,1,Free State
2014,FS196,0.9993617336,0.638870691,1,Free State
2014,FS201,0.9977130432,0.693923669,1,Free State
2014,FS203,0.9989063041,0.648358414,1,Free State
2014,FS204,0.9990580425,0.662229781,1,Free State
2014,FS205,0.9969265411,0.634771649,1,Free State
2014,GT421,0.9999999068,0.720121079,1,Gauteng
2014,GT422,1.0,0.631948647,1,Gauteng
2014,GT423,0.9999603884,0.677683671,1,Gauteng
2014,GT481,0.9999915655,0.674589613,1,Gauteng
2014,GT482,0.9993800889,0.654573095,1,Gauteng
2014,GT483,0.9985609597,0.506422704,1,Gauteng
2014,GT484,0.9987494838,0.633095269,1,Gauteng
2014,JHB,0.9999638929,0.705571209,1,Gauteng
2014,KZN211,0.9995339042,0.137627185,2,KwaZulu-Natal
2014,KZN212,0.999473814,0.423631368,2,KwaZulu-Natal
2014,KZN213,0.9991300349,0.163696435,2,KwaZulu-Natal
2014,KZN214,0.9993507909,0.195796584,2,KwaZulu-Natal
2014,KZN215,1.0,0.230456816,2,KwaZulu-Natal
2014,KZN221,1.0,0.34780786,2,KwaZulu-Natal
2014,KZN222,0.9988267434,0.605455865,1,KwaZulu-Natal
2014,KZN223,0.9985434495,0.396058203,2,KwaZulu-Natal
2014,KZN224,0.9998224768,0.269331163,2,KwaZulu-Natal
2014,KZN225,0.9996581266,0.601191534,1,KwaZulu-Natal
2014,KZN226,0.9998531336,0.318003798,2,KwaZulu-Natal
2014,KZN227,0.9999880728,0.308575322,2,KwaZulu-Natal
2014,KZN232,0.9999995847,0.464493907,2,KwaZulu-Natal
2014,KZN233,0.9981914049,0.267951237,2,KwaZulu-Natal
2014,KZN234,0.9991861841,0.393888628,2,KwaZulu-Natal
2014,KZN235,0.9997357859,0.223229441,2,KwaZulu-Natal
2014,KZN236,0.9999953085,0.168681049,2,KwaZulu-Natal
2014,KZN241,0.9998271946,0.55602243,1,KwaZulu-Natal
2014,KZN242,0.999998801,0.230998403,2,KwaZulu-Natal
2014,KZN244,0.9997997846,0.108787589,2,KwaZulu-Natal
2014,KZN245,0.9997999836,0.237195056,2,KwaZulu-Natal
2014,KZN252,0.9998231668,0.590119459,1,KwaZulu-Natal
2014,KZN253,0.9999960129,0.226222423,2,KwaZulu-Natal
2014,KZN254,0.9999659258,0.319387383,2,KwaZulu-Natal
2014,KZN261,0.9989031308,0.290111406,2,KwaZulu-Natal
2014,KZN262,0.99907877,0.303892511,2,KwaZulu-Natal
2014,KZN263,0.9996614905,0.429414515,2,KwaZulu-Natal
2014,KZN265,0.9994594431,0.250833701,2,KwaZulu-Natal
2014,KZN266,0.999148188,0.318480203,2,KwaZulu-Natal
2014,KZN271,0.9984777142,0.113605052,2,KwaZulu-Natal
2014,KZN272,0.9956527687,0.155775646,2,KwaZulu-Natal
2014,KZN273,0.999333169,0.204504908,2,KwaZulu-Natal
2014,KZN274,0.9997117498,0.18346862,2,KwaZulu-Natal
2014,KZN275,0.9990188275,0.307443353,2,KwaZulu-Natal
2014,KZN281,0.9982481999,0.318850782,2,KwaZulu-Natal
2014,KZN282,1.0,0.605877913,1,KwaZulu-Natal
2014,KZN283,1.0,0.195505988,2,KwaZulu-Natal
2014,KZN284,0.999194617,0.266423736,2,KwaZulu-Natal
2014,KZN285,0.9972275272,0.269725849,2,KwaZulu-Natal
2014,KZN286,0.9984296261,0.217430866,2,KwaZulu-Natal
2014,KZN291,0.9990423419,0.381279343,2,KwaZulu-Natal
2014,KZN292,0.9997888622,0.432518184,2,KwaZulu-Natal
2014,KZN293,0.9993423427,0.209517717,2,KwaZulu-Natal
2014,KZN294,0.999735919,0.137163337,2,KwaZulu-Natal
2014,KZN431,0.9993393276,0.153395638,2,KwaZulu-Natal
2014,KZN432,0.9994155988,0.338949879,2,KwaZulu-Natal
2014,KZN433,0.9999547506,0.538938755,1,KwaZulu-Natal
2014,KZN434,0.9999888291,0.129693148,2,KwaZulu-Natal
2014,KZN435,0.9999999022,0.164096014,2,KwaZulu-Natal
2014,LIM331,0.999748784,0.190041147,2,Limpopo
2014,LIM332,0.9992594467,0.212933092,2,Limpopo
2014,LIM333,0.9996603114,0.270043402,2,Limpopo
2014,LIM334,0.9997552832,0.466992056,2,Limpopo
2014,LIM335,0.999218094,0.188822688,2,Limpopo
2014,LIM341,0.999996134,0.548149806,1,Limpopo
2014,LIM342,0.9984832504,0.115007101,2,Limpopo
2014,LIM343,0.9999986907,0.239445889,2,Limpopo
2014,LIM344,0.9994420966,0.227599913,2,Limpopo
2014,LIM351,0.9998960694,0.196902993,2,Limpopo
2014,LIM352,0.9997272679,0.303450573,2,Limpopo
2014,LIM353,0.9984378372,0.359514975,2,Limpopo
2014,LIM354,0.999106852,0.489700904,2,Limpopo
2014,LIM355,0.9991777665,0.320057987,2,Limpopo
2014,LIM361,0.9982770619,0.554204282,1,Limpopo
2014,LIM362,0.9992064084,0.427335483,2,Limpopo
2014,LIM364,0.9994640614,0.611795979,1,Limpopo
2014,LIM365,0.9992542258,0.57010887,1,Limpopo
2014,LIM366,0.9998952579,0.606324297,1,Limpopo
2014,LIM367,0.9992685505,0.355437846,2,Limpopo
2014,LIM471,0.9975354434,0.298786259,2,Limpopo
2014,LIM472,0.9994887368,0.305943266,2,Limpopo
2014,LIM473,0.9999034444,0.205748266,2,Limpopo
2014,LIM474,0.9993753091,0.220378493,2,Limpopo
2014,LIM475,0.9989095225,0.214294231,2,Limpopo
2014,MAN,0.9994045735,0.633151152,1,Free State
2014,MP301,0.9992485038,0.353657969,2,Mpumalanga
2014,MP302,0.9987866269,0.513021248,1,Mpumalanga
2014,MP303,0.9992071128,0.336702693,2,Mpumalanga
2014,MP304,0.9999217813,0.487936867,2,Mpumalanga
2014,MP305,0.99947108,0.671750998,1,Mpumalanga
2014,MP306,0.9995396708,0.586584503,1,Mpumalanga
2014,MP307,0.9997613519,0.711624011,1,Mpumalanga
2014,MP311,0.9976937136,0.608824847,1,Mpumalanga
2014,MP312,0.9997323793,0.613228586,1,Mpumalanga
2014,MP313,0.9998772273,0.638193217,1,Mpumalanga
2014,MP314,0.9994347771,0.516384779,1,Mpumalanga
2014,MP315,0.9993896733,0.472269614,2,Mpumalanga
2014,MP316,0.9993745876,0.399915125,2,Mpumalanga
2014,MP321,0.9990138095,0.568146441,1,Mpumalanga
2014,MP322,0.9998479813,0.474942701,2,Mpumalanga
2014,MP323,0.9994903213,0.533661051,1,Mpumalanga
2014,MP324,0.9987432827,0.353594572,2,Mpumalanga
2014,MP325,0.9984721837,0.277435283,2,Mpumalanga
2014,NC061,0.9991698945,0.698892666,1,Northern Cape
2014,NC062,0.9973215929,0.685299264,1,Northern Cape
2014,NC064,0.9982357946,0.577967945,1,Northern Cape
2014,NC065,0.9997944656,0.669744252,1,Northern Cape
2014,NC066,0.9985012896,0.535635105,1,Northern Cape
2014,NC067,0.9985988258,0.667551603,1,Northern Cape
2014,NC071,0.9977559668,0.651421812,1,Northern Cape
2014,NC072,0.9998250246,0.658815738,1,Northern Cape
2014,NC073,0.9982074937,0.688452563,1,Northern Cape
2014,NC074,0.9996160999,0.647292409,1,Northern Cape
2014,NC075,0.9982411401,0.670223254,1,Northern Cape
2014,NC076,0.9977559329,0.55606452,1,Northern Cape
2014,NC077,0.9982222065,0.657320763,1,Northern Cape
2014,NC078,0.9991892194,0.59752436,1,Northern Cape
2014,NC081,0.997738114,0.558244948,1,Northern Cape
2014,NC082,0.998570166,0.614776383,1,Northern Cape
2014,NC083,0.9996482463,0.654904934,1,Northern Cape
2014,NC084,0.9984183015,0.528493431,1,Northern Cape
2014,NC085,0.9991896623,0.63470947,1,Northern Cape
2014,NC086,0.9988037247,0.712919717,1,Northern Cape
2014,NC091,0.9999658623,0.67941982,1,Northern Cape
2014,NC092,0.9992181108,0.611380922,1,Northern Cape
2014,NC093,0.9988338289,0.672415791,1,Northern Cape
2014,NC094,0.9990439731,0.617156404,1,Northern Cape
2014,NC451,0.9988548487,0.16135296,2,Northern Cape
2014,NC452,0.9998567348,0.371632322,2,Northern Cape
2014,NC453,0.9990109841,0.694703773,1,Northern Cape
2014,NMA,0.9989368003,0.704481382,1,Eastern Cape
2014,NW371,0.9969584192,0.399557094,2,North West
2014,NW372,0.998079018,0.482167728,2,North West
2014,NW373,0.9996970433,0.589268442,1,North West
2014,NW374,0.9989495857,0.572742572,1,North West
2014,NW375,0.9994676964,0.377500789,2,North West
2014,NW381,0.9987978655,0.179427048,2,North West
2014,NW382,0.9979901281,0.415321375,2,North West
2014,NW383,0.9990810998,0.436914872,2,North West
2014,NW384,0.9991243033,0.491269076,2,North West
2014,NW385,0.9987181233,0.356733321,2,North West
2014,NW392,0.9989339179,0.559354075,1,North West
2014,NW393,0.9979690459,0.569519761,1,North West
2014,NW394,0.9988343099,0.266046004,2,North West
2014,NW396,0.9991596803,0.70853386,1,North West
2014,NW397,0.998823324,0.242138472,2,North West
2014,NW401,0.9975760049,0.465944808,2,North West
2014,NW402,0.9998788101,0.689715567,1,North West
2014,NW403,0.9973227885,0.70493483,1,North West
2014,NW404,0.9993313268,0.61481132,1,North West
2014,TSH,0.9997401568,0.678458085,1,Gauteng
2014,WC011,1.0,0.66451707,1,Western Cape
2014,WC012,0.9997750023,0.66809104,1,Western Cape
2014,WC013,0.9998881814,0.698942586,1,Western Cape
2014,WC014,0.9997737049,0.706038112,1,Western Cape
2014,WC015,0.9997886737,0.70615472,1,Western Cape
2014,WC022,1.0,0.692917136,1,Western Cape
2014,WC023,0.9999069291,0.711611217,1,Western Cape
2014,WC024,0.9999077687,0.71095056,1,Western Cape
2014,WC025,0.9997531373,0.695228025,1,Western Cape
2014,WC026,0.9998908913,0.702217557,1,Western Cape
2014,WC031,0.999771217,0.655016752,1,Western Cape
2014,WC032,0.9998755122,0.626021046,1,Western Cape
2014,WC033,0.9996286475,0.703267611,1,Western Cape
2014,WC034,0.9996726731,0.674111907,1,Western Cape
2014,WC041,0.9986132348,0.631654533,1,Western Cape
2014,WC042,0.9994156943,0.695660203,1,Western Cape
2014,WC043,1.0,0.69930204,1,Western Cape
2014,WC044,0.9997958387,0.690510268,1,Western Cape
2014,WC045,0.9985895105,0.625167729,1,Western Cape
2014,WC047,0.9998442691,0.678165846,1,Western Cape
2014,WC048,0.9994064117,0.608490934,1,Western Cape
2014,WC051,0.9966639315,0.69450831,1,Western Cape
2014,WC052,0.9984079413,0.654090735,1,Western Cape
2014,WC053,0.9991847093,0.714880049,1,Western Cape
2015,BUF,0.9993984721,0.574703629,1,Eastern Cape
2015,CPT,0.9999998853,0.708695779,1,Western Cape
2015,DC1,0.9998114188,0.712713918,1,Western Cape
2015,DC10,0.9998539256,0.661455687,1,Eastern Cape
2015,DC12,0.9992469042,0.258010173,2,Eastern Cape
2015,DC13,0.9985996139,0.382382194,2,Eastern Cape
2015,DC14,0.9999913774,0.337836395,2,Eastern Cape
2015,DC15,0.9988823046,0.17373136,2,Eastern Cape
2015,DC16,0.999633962,0.682325053,1,Free State
2015,DC18,0.9999376398,0.684813125,1,Free State
2015,DC19,0.9999087633,0.571394359,1,Free State
2015,DC2,1.0,0.713670908,1,Western Cape
2015,DC20,0.9999993104,0.676326331,1,Free State
2015,DC21,0.9985224691,0.287873448,2,KwaZulu-Natal
2015,DC22,0.9999803534,0.520866911,1,KwaZulu-Natal
2015,DC23,0.9968765325,0.328014519,2,KwaZulu-Natal
2015,DC24,0.9983031083,0.235772549,2,KwaZulu-Natal
2015,DC25,0.9987576993,0.554208906,1,KwaZulu-Natal
2015,DC26,0.9999970012,0.308937344,2,KwaZulu-Natal
2015,DC27,0.997281963,0.175245324,2,KwaZulu-Natal
2015,DC28,1.0,0.398295342,2,KwaZulu-Natal
2015,DC29,0.9997021689,0.324697388,2,KwaZulu-Natal
2015,DC3,0.9980406423,0.680925555,1,Western Cape
2015,DC30,0.9999981362,0.538534472,1,Mpumalanga
2015,DC31,0.9997041995,0.538256843,1,Mpumalanga
2015,DC32,1.0,0.386202841,2,Mpumalanga
2015,DC33,0.999949568,0.242002535,2,Limpopo
2015,DC34,0.9972061876,0.231448872,2,Limpopo
2015,DC35,0.9995962391,0.403480151,2,Limpopo
2015,DC36,0.9998377914,0.439222902,2,Limpopo
2015,DC37,0.9993902971,0.478888832,2,North West
2015,DC38,0.997945089,0.39875261,2,North West
2015,DC39,0.9961045172,0.374978439,2,North West
2015,DC4,0.9980475335,0.706404335,1,Western Cape
2015,DC40,0.999596821,0.689395456,1,North West
2015,DC42,0.9999983026,0.713566072,1,Gauteng
2015,DC43,0.9965094528,0.214061281,2,KwaZulu-Natal
2015,DC44,0.997859344,0.134247986,2,Eastern Cape
2015,DC45,0.999424753,0.380493247,2,Northern Cape
2015,DC47,0.9991405661,0.226523933,2,Limpopo
2015,DC48,1.0,0.63475284,1,Gauteng
2015,DC5,0.9999703001,0.718852518,1,Western Cape
2015,DC6,0.9999665954,0.68193479,1,Northern Cape
2015,DC7,0.9997578174,0.660349775,1,Northern Cape
2015,DC8,0.9997669739,0.633034743,1,Northern Cape
2015,DC9,0.9999977185,0.665701277,1,Northern Cape
2015,EC101,0.9997421413,0.725868116,1,Eastern Cape
2015,EC102,0.9990846139,0.666878204,1,Eastern Cape
2015,EC103,0.9974849219,0.648199708,1,Eastern Cape
2015,EC104,0.9995950219,0.662546256,1,Eastern Cape
2015,EC105,0.9965212025,0.559584124,1,Eastern Cape
2015,EC106,0.9980389516,0.561393827,1,Eastern Cape
2015,EC107,0.999894117,0.613080476,1,Eastern Cape
2015,EC108,0.9999831498,0.618250601,1,Eastern Cape
2015,EC109,0.9994101193,0.649586383,1,Eastern Cape
2015,EC121,0.9994893568,0.155085974,2,Eastern Cape
2015,EC122,0.9977167724,0.276328599,2,Eastern Cape
2015,EC123,0.9989800245,0.345310779,2,Eastern Cape
2015,EC124,0.9987094718,0.359025174,2,Eastern Cape
2015,EC126,0.9978850916,0.289735039,2,Eastern Cape
2015,EC127,0.9990836606,0.451123468,2,Eastern Cape
2015,EC128,0.998408618,0.640634868,1,Eastern Cape
2015,EC131,0.9996446501,0.697655679,1,Eastern Cape
2015,EC132,0.9997655451,0.384912516,2,Eastern Cape
2015,EC133,0.9998988982,0.677260337,1,Eastern Cape
2015,EC134,0.9991491243,0.5887349,1,Eastern Cape
2015,EC135,0.9982469234,0.18635603,2,Eastern Cape
2015,EC136,0.9992796911,0.313629254,2,Eastern Cape
2015,EC137,0.9999997987,0.16408711,2,Eastern Cape
2015,EC138,0.9984034266,0.344471991,2,Eastern Cape
2015,EC141,0.9998928004,0.159923441,2,Eastern Cape
2015,EC142,0.9999540715,0.330145882,2,Eastern Cape
2015,EC143,0.9993375444,0.619844662,1,Eastern Cape
2015,EC144,0.9992314083,0.647072577,1,Eastern Cape
2015,EC153,1.0,0.111577542,2,Eastern Cape
2015,EC154,0.9988803308,0.112760027,2,Eastern Cape
2015,EC155,0.9995083873,0.131812775,2,Eastern Cape
2015,EC156,0.9997780043,0.150628273,2,Eastern Cape
2015,EC157,0.9988715295,0.292425125,2,Eastern Cape
2015,EC441,0.9999393242,0.207467727,2,Eastern Cape
2015,EC442,1.0,0.163978758,2,Eastern Cape
2015,EC443,0.9998990187,0.092283048,2,Eastern Cape
2015,EC444,0.994393763,0.086652323,2,Eastern Cape
2015,EKU,0.9999847342,0.680643316,1,Gauteng
2015,ETH,0.9999650621,0.626096942,1,KwaZulu-Natal
2015,FS161,0.99851378,0.650471416,1,Free State
2015,FS162,0.9988180727,0.673422829,1,Free State
2015,FS163,0.9983802094,0.632096414,1,Free State
2015,FS164,0.9970436096,0.675822814,1,Free State
2015,FS181,0.9995890392,0.649809488,1,Free State
2015,FS182,0.9980722895,0.505759785,1,Free State
2015,FS183,0.9995643684,0.672778524,1,Free State
2015,FS184,0.9982165752,0.68203028,1,Free State
2015,FS185,0.9989204498,0.637097948,1,Free State
2015,FS191,0.9977177777,0.595088218,1,Free State
2015,FS192,0.9990129279,0.612852174,1,Free State
2015,FS193,0.9995351521,0.584591869,1,Free State
2015,FS194,0.9974981653,0.512304692,1,Free State
2015,FS195,0.9983459158,0.548109908,1,Free State
2015,FS196,0.9973094855,0.638870691,1,Free State
2015,FS201,0.998862241,0.693923669,1,Free State
2015,FS203,0.9982149975,0.648358414,1,Free State
2015,FS204,0.9992622838,0.662229781,1,Free State
2015,FS205,0.9978342759,0.634771649,1,Free State
2015,GT421,0.9996361004,0.720121079,1,Gauteng
2015,GT422,1.0,0.631948647,1,Gauteng
2015,GT423,0.9991130093,0.677683671,1,Gauteng
2015,GT481,0.9999994958,0.674589613,1,Gauteng
2015,GT482,0.9991516337,0.654573095,1,Gauteng
2015,GT483,0.9981157622,0.506422704,1,Gauteng
2015,GT484,0.9999987662,0.633095269,1,Gauteng
2015,JHB,0.99989077,0.705571209,1,Gauteng
2015,KZN211,0.9996453936,0.137627185,2,KwaZulu-Natal
2015,KZN212,0.9998307525,0.423631368,2,KwaZulu-Natal
2015,KZN213,0.9999993842,0.163696435,2,KwaZulu-Natal
2015,KZN214,0.9996017802,0.195796584,2,KwaZulu-Natal
2015,KZN215,0.9999938702,0.230456816,2,KwaZulu-Natal
2015,KZN216,0.9999941841,0.40163107,2,KwaZulu-Natal
2015,KZN221,0.9998759709,0.34780786,2,KwaZulu-Natal
2015,KZN222,0.9986052047,0.605455865,1,KwaZulu-Natal
2015,KZN223,0.9993859012,0.396058203,2,KwaZulu-Natal
2015,KZN224,0.9999135284,0.269331163,2,KwaZulu-Natal
2015,KZN225,0.9999987889,0.601191534,1,KwaZulu-Natal
2015,KZN226,0.9996728789,0.318003798,2,KwaZulu-Natal
2015,KZN227,0.9999823357,0.308575322,2,KwaZulu-Natal
2015,KZN232,0.9999997786,0.464493907,2,KwaZulu-Natal
2015,KZN233,0.9996952541,0.267951237,2,KwaZulu-Natal
2015,KZN234,0.9997283569,0.393888628,2,KwaZulu-Natal
2015,KZN235,0.999880036,0.223229441,2,KwaZulu-Natal
2015,KZN236,0.9999977368,0.168681049,2,KwaZulu-Natal
2015,KZN241,0.9999973131,0.55602243,1,KwaZulu-Natal
2015,KZN242,0.999925216,0.230998403,2,KwaZulu-Natal
2015,KZN244,0.9994466308,0.108787589,2,KwaZulu-Natal
2015,KZN245,0.9996378967,0.237195056,2,KwaZulu-Natal
2015,KZN252,0.9999037138,0.590119459,1,KwaZulu-Natal
2015,KZN253,0.9997005032,0.226222423,2,KwaZulu-Natal
2015,KZN254,0.9999159438,0.319387383,2,KwaZulu-Natal
2015,KZN261,0.9978574941,0.290111406,2,KwaZulu-Natal
2015,KZN262,0.9990312242,0.303892511,2,KwaZulu-Natal
2015,KZN263,0.9991702402,0.429414515,2,KwaZulu-Natal
2015,KZN265,0.9995398453,0.250833701,2,KwaZulu-Natal
2015,KZN266,0.9991916369,0.318480203,2,KwaZulu-Natal
2015,KZN271,0.9999155189,0.113605052,2,KwaZulu-Natal
2015,KZN272,0.9981214885,0.155775646,2,KwaZulu-Natal
2015,KZN273,0.9990487873,0.204504908,2,KwaZulu-Natal
2015,KZN274,0.99411752,0.18346862,2,KwaZulu-Natal
2015,KZN275,0.9993485892,0.307443353,2,KwaZulu-Natal
2015,KZN281,0.9979428948,0.318850782,2,KwaZulu-Natal
2015,KZN282,1.0,0.605877913,1,KwaZulu-Natal
2015,KZN283,0.9998603036,0.195505988,2,KwaZulu-Natal
2015,KZN284,0.9997106134,0.266423736,2,KwaZulu-Natal
2015,KZN285,0.9995348756,0.269725849,2,KwaZulu-Natal
2015,KZN286,0.9993360611,0.217430866,2,KwaZulu-Natal
2015,KZN291,0.9995277216,0.381279343,2,KwaZulu-Natal
2015,KZN292,0.9996468791,0.432518184,2,KwaZulu-Natal
2015,KZN293,0.9997317102,0.209517717,2,KwaZulu-Natal
2015,KZN294,0.9984539756,0.137163337,2,KwaZulu-Natal
2015,KZN431,0.9990558096,0.153395638,2,KwaZulu-Natal
2015,KZN432,0.9988421087,0.338949879,2,KwaZulu-Natal
2015,KZN433,0.9999617233,0.538938755,1,KwaZulu-Natal
2015,KZN434,0.9998246182,0.129693148,2,KwaZulu-Natal
2015,KZN435,0.9999428671,0.164096014,2,KwaZulu-Natal
2015,LIM331,0.9995272459,0.190041147,2,Limpopo
2015,LIM332,0.9975831564,0.212933092,2,Limpopo
2015,LIM333,0.999546741,0.270043402,2,Limpopo
2015,LIM334,0.9993884794,0.466992056,2,Limpopo
2015,LIM335,0.9998600986,0.188822688,2,Limpopo
2015,LIM341,0.9992414749,0.548149806,1,Limpopo
2015,LIM342,0.999860748,0.115007101,2,Limpopo
2015,LIM343,0.9998825262,0.239445889,2,Limpopo
2015,LIM344,0.9994832468,0.227599913,2,Limpopo
2015,LIM351,0.9985651258,0.196902993,2,Limpopo
2015,LIM352,0.9996141299,0.303450573,2,Limpopo
2015,LIM353,0.999781852,0.359514975,2,Limpopo
2015,LIM354,0.9991200602,0.489700904,2,Limpopo
2015,LIM355,0.9996439303,0.320057987,2,Limpopo
2015,LIM361,0.9992157966,0.554204282,1,Limpopo
2015,LIM362,0.9994977061,0.427335483,2,Limpopo
2015,LIM364,0.9989610769,0.611795979,1,Limpopo
2015,LIM365,0.9991123887,0.57010887,1,Limpopo
2015,LIM366,0.9999516648,0.606324297,1,Limpopo
2015,LIM367,0.9987413445,0.355437846,2,Limpopo
2015,LIM471,0.9991857907,0.298786259,2,Limpopo
2015,LIM472,0.9995244381,0.305943266,2,Limpopo
2015,LIM473,0.9993772081,0.205748266,2,Limpopo
2015,LIM474,0.9999993632,0.220378493,2,Limpopo
2015,LIM475,0.9986289793,0.214294231,2,Limpopo
2015,MAN,0.999201606,0.633151152,1,Free State
2015,MP301,0.9986983173,0.353657969,2,Mpumalanga
2015,MP302,0.9981851315,0.513021248,1,Mpumalanga
2015,MP303,0.9971992457,0.336702693,2,Mpumalanga
2015,MP304,0.999715073,0.487936867,2,Mpumalanga
2015,MP305,0.9990566665,0.671750998,1,Mpumalanga
2015,MP306,0.9993869893,0.586584503,1,Mpumalanga
2015,MP307,0.9998039924,0.711624011,1,Mpumalanga
2015,MP311,0.9985683648,0.608824847,1,Mpumalanga
2015,MP312,0.999363629,0.613228586,1,Mpumalanga
2015,MP313,0.9998110177,0.638193217,1,Mpumalanga
2015,MP314,0.998651874,0.516384779,1,Mpumalanga
2015,MP315,0.9984490049,0.472269614,2,Mpumalanga
2015,MP316,0.9986977735,0.399915125,2,Mpumalanga
2015,MP321,0.9986694545,0.568146441,1,Mpumalanga
2015,MP322,0.9995394536,0.474942701,2,Mpumalanga
2015,MP323,0.9991890013,0.533661051,1,Mpumalanga
2015,MP324,0.9990247975,0.353594572,2,Mpumalanga
2015,MP325,0.9993359904,0.277435283,2,Mpumalanga
2015,NC061,0.9982130746,0.698892666,1,Northern Cape
2015,NC062,0.9986044588,0.685299264,1,Northern Cape
2015,NC064,0.9983481222,0.577967945,1,Northern Cape
2015,NC065,0.9994053279,0.669744252,1,Northern Cape
2015,NC066,0.9980729036,0.535635105,1,Northern Cape
2015,NC067,0.9998065245,0.667551603,1,Northern Cape
2015,NC071,0.9979331308,0.651421812,1,Northern Cape
2015,NC072,0.9996800912,0.658815738,1,Northern Cape
2015,NC073,0.9986440309,0.688452563,1,Northern Cape
2015,NC074,0.9997507276,0.647292409,1,Northern Cape
2015,NC075,0.9960179157,0.670223254,1,Northern Cape
2015,NC076,0.998444932,0.55606452,1,Northern Cape
2015,NC077,0.998571371,0.657320763,1,Northern Cape
2015,NC078,0.9981985043,0.59752436,1,Northern Cape
2015,NC081,0.9958532226,0.558244948,1,Northern Cape
2015,NC082,0.9987672404,0.614776383,1,Northern Cape
2015,NC083,0.999617896,0.654904934,1,Northern Cape
2015,NC084,0.9993487901,0.528493431,1,Northern Cape
2015,NC085,0.9997238207,0.63470947,1,Northern Cape
2015,NC086,0.9991082755,0.712919717,1,Northern Cape
2015,NC091,0.9994006422,0.67941982,1,Northern Cape
2015,NC092,0.9977468602,0.611380922,1,Northern Cape
2015,NC093,0.9987336281,0.672415791,1,Northern Cape
2015,NC094,0.9985022118,0.617156404,1,Northern Cape
2015,NC451,0.9980818207,0.16135296,2,Northern Cape
2015,NC452,0.9987029377,0.371632322,2,Northern Cape
2015,NC453,0.9984445311,0.694703773,1,Northern Cape
2015,NMA,0.999041172,0.704481382,1,Eastern Cape
2015,NW371,0.9990758636,0.399557094,2,North West
2015,NW372,0.9971396013,0.482167728,2,North West
2015,NW373,0.9961243663,0.589268442,1,North West
2015,NW374,0.9999001067,0.572742572,1,North West
2015,NW375,0.9993875959,0.377500789,2,North West
2015,NW381,0.9995701126,0.179427048,2,North West
2015,NW382,0.9988173698,0.415321375,2,North West
2015,NW383,0.9985234276,0.436914872,2,North West
2015,NW384,0.9995942626,0.491269076,2,North West
2015,NW385,0.998273653,0.356733321,2,North West
2015,NW392,0.9977341878,0.559354075,1,North West
2015,NW393,0.999747053,0.569519761,1,North West
2015,NW394,0.9983255549,0.266046004,2,North West
2015,NW396,0.9993760639,0.70853386,1,North West
2015,NW397,0.9985083286,0.242138472,2,North West
2015,NW401,0.9986665243,0.465944808,2,North West
2015,NW402,0.9997556689,0.689715567,1,North West
2015,NW403,0.9993814727,0.70493483,1,North West
2015,NW404,0.9994073315,0.61481132,1,North West
2015,TSH,0.9996669026,0.678458085,1,Gauteng
2015,WC011,1.0,0.66451707,1,Western Cape
2015,WC012,0.9999657231,0.66809104,1,Western Cape
2015,WC013,0.9999154971,0.698942586,1,Western Cape
2015,WC014,0.999988018,0.706038112,1,Western Cape
2015,WC015,0.9998120053,0.70615472,1,Western Cape
2015,WC022,0.9999215438,0.692917136,1,Western Cape
2015,WC023,0.9999294333,0.711611217,1,Western Cape
2015,WC024,0.9998179886,0.71095056,1,Western Cape
2015,WC025,0.9999989475,0.695228025,1,Western Cape
2015,WC026,0.9998365964,0.702217557,1,Western Cape
2015,WC031,0.9995479968,0.655016752,1,Western Cape
2015,WC032,0.9999815819,0.626021046,1,Western Cape
2015,WC033,0.9998459318,0.703267611,1,Western Cape
2015,WC034,0.999999702,0.674111907,1,Western Cape
2015,WC041,0.9986131141,0.631654533,1,Western Cape
2015,WC042,0.9996776612,0.695660203,1,Western Cape
2015,WC043,0.9999860636,0.69930204,1,Western Cape
2015,WC044,0.9998673147,0.690510268,1,Western Cape
2015,WC045,0.9982451962,0.625167729,1,Western Cape
2015,WC047,0.9999971627,0.678165846,1,Western Cape
2015,WC048,0.9998458869,0.608490934,1,Western Cape
2015,WC051,0.9966583774,0.69450831,1,Western Cape
2015,WC052,0.9994902854,0.654090735,1,Western Cape
2015,WC053,0.9992442594,0.714880049,1,Western Cape
