,date,mun_code,Efficient_measure,wellfare_measure,province,profile
0,2012.0,BUF,1.0620367430848434,0.3556953339164828,Eastern Cape,4
1,2012.0,CPT,1.072593207818616,1.1412750924213355,Western Cape,4
46,2012.0,EC101,1.0726546929666556,1.2119534697983112,Eastern Cape,4
47,2012.0,EC102,1.0605244481792004,0.9003235755135781,Eastern Cape,4
48,2012.0,EC103,1.008050188545589,0.9226856550622854,Eastern Cape,4
49,2012.0,EC104,1.0706435492421513,0.7397624952213873,Eastern Cape,4
50,2012.0,EC105,1.0308465962000066,0.28928689780584066,Eastern Cape,4
51,2012.0,EC106,1.0439738447181224,0.2706625919286222,Eastern Cape,4
52,2012.0,EC107,1.0533074535802627,0.5856355119730111,Eastern Cape,4
53,2012.0,EC108,1.0402745784791068,0.7748986373213546,Eastern Cape,4
54,2012.0,EC109,1.0234525870820463,0.7381720722640098,Eastern Cape,4
55,2012.0,EC121,1.0726546929666556,-1.6605681818503855,Eastern Cape,3
56,2012.0,EC122,1.0597297885430894,-1.2849456863645021,Eastern Cape,3
57,2012.0,EC123,0.8637207575896826,-0.8414920190313979,Eastern Cape,2
58,2012.0,EC124,1.0726546929666556,-1.0448085018703621,Eastern Cape,3
59,2012.0,EC126,0.9472033082425614,-1.3444350205316518,Eastern Cape,2
60,2012.0,EC127,1.0712284419330806,-0.5680520852704458,Eastern Cape,3
61,2012.0,EC128,1.0708741220742815,0.4762031359748721,Eastern Cape,4
62,2012.0,EC131,1.069761340072857,1.0280622407222697,Eastern Cape,4
63,2012.0,EC132,1.043732360639038,-0.8987564204076482,Eastern Cape,3
64,2012.0,EC133,1.0397907916197977,0.5745774254664313,Eastern Cape,4
65,2012.0,EC134,1.0664294492747404,0.14112400887250465,Eastern Cape,4
66,2012.0,EC135,0.9789657135334005,-1.7027067977760642,Eastern Cape,2
67,2012.0,EC136,1.0158089404185242,-1.1655490719233983,Eastern Cape,3
68,2012.0,EC137,1.0007673984291112,-1.7595461487786135,Eastern Cape,3
69,2012.0,EC138,1.0308708616968565,-0.9533341607409426,Eastern Cape,3
70,2012.0,EC141,1.0439758785885613,-1.586071457907729,Eastern Cape,3
71,2012.0,EC142,1.0703908687406418,-1.088774787128907,Eastern Cape,3
72,2012.0,EC143,1.0362244948816772,0.428116454369381,Eastern Cape,4
73,2012.0,EC144,1.0087800922724577,0.49223929354629165,Eastern Cape,4
74,2012.0,EC153,1.0726546929666556,-1.7916468708661137,Eastern Cape,3
75,2012.0,EC154,1.0726546929666556,-1.8123146004752742,Eastern Cape,3
76,2012.0,EC155,1.0542413502420995,-1.8108515410898596,Eastern Cape,3
77,2012.0,EC156,1.0726546929666556,-1.7259365519714953,Eastern Cape,3
78,2012.0,EC157,1.0674209806091504,-1.098007884346309,Eastern Cape,3
79,2012.0,EC441,1.0720973526367668,-1.4412837836024956,Eastern Cape,3
80,2012.0,EC442,1.072641989144394,-1.6484133946406763,Eastern Cape,3
81,2012.0,EC443,1.0682134260993856,-1.8355902231502512,Free State,3
82,2012.0,EC444,1.0541894037724933,-1.9226867131673755,Free State,3
83,2012.0,EKU,1.0708257551743552,1.1402618638173558,Gauteng,4
84,2012.0,ETH,1.0680796453135155,0.890073820046109,KwaZulu-Natal,4
85,2012.0,FS161,1.022609453754102,0.8492663673954055,Free State,4
86,2012.0,FS162,0.9878992199126728,0.8989486002307296,Free State,1
87,2012.0,FS163,1.013969742071752,0.3919049091825887,Free State,4
88,2012.0,FS164,1.0255544857744083,0.790456457455893,Free State,4
89,2012.0,FS181,0.9622679804654362,0.770022073860245,Free State,1
90,2012.0,FS182,1.0176320653488309,0.14127126044383595,Free State,4
91,2012.0,FS183,1.0684378285313223,0.9386099113194654,Free State,4
92,2012.0,FS184,0.9504277539499867,1.0231434292447883,Free State,1
93,2012.0,FS185,1.0726546929666556,0.707127270687006,Free State,4
94,2012.0,FS191,1.0678536654314115,0.36430350467093975,Free State,4
95,2012.0,FS192,1.056329817573162,0.5784350773149615,Free State,4
96,2012.0,FS193,1.0562660131000774,0.4718172867416388,Free State,4
97,2012.0,FS194,1.0722238405771785,0.06061710499857865,Free State,4
98,2012.0,FS195,1.0135248091773041,0.24521534630250125,Free State,4
99,2012.0,FS196,1.0630506028652915,0.4981744418710564,Free State,4
100,2012.0,FS201,1.0614998608327182,1.0715287492067167,Free State,4
101,2012.0,FS203,1.0694647790672231,0.9118310559974943,Free State,4
102,2012.0,FS204,1.0589839549718052,1.0680974819330518,Gauteng,4
103,2012.0,FS205,1.0576806171619322,0.7735125141702827,Gauteng,4
104,2012.0,GT421,1.0724631953729962,1.4796649516426679,Gauteng,4
105,2012.0,GT422,1.0726546929666556,0.9089040646307591,Gauteng,4
106,2012.0,GT423,1.070511072106104,1.0296162140731895,Gauteng,4
107,2012.0,GT481,1.0659228056349577,1.2561169222520836,Gauteng,4
108,2012.0,GT482,1.0655053000516486,1.0196269092499348,KwaZulu-Natal,4
109,2012.0,GT483,1.0639360494848589,0.4959273236835644,KwaZulu-Natal,4
110,2012.0,GT484,1.0723215967969222,0.9070693993462663,Gauteng,4
111,2012.0,JHB,1.0684988189829414,1.4072672439906952,Gauteng,4
112,2012.0,KZN211,1.0408368452003058,-1.6290615275093794,KwaZulu-Natal,3
113,2012.0,KZN212,1.0617879109405755,-0.2574816170642146,KwaZulu-Natal,3
114,2012.0,KZN213,1.0545710909723898,-1.5455713715971022,KwaZulu-Natal,3
115,2012.0,KZN214,1.0484999764436564,-1.528241901369616,KwaZulu-Natal,3
116,2012.0,KZN215,1.0586204993389157,-1.4672484664530225,KwaZulu-Natal,3
117,2012.0,KZN216,1.0597669714142204,-0.37629757308789724,KwaZulu-Natal,3
118,2012.0,KZN221,1.0719907988806385,-0.6609753162247396,KwaZulu-Natal,3
119,2012.0,KZN222,1.0726546929666556,0.8465832746825733,KwaZulu-Natal,4
120,2012.0,KZN223,1.0726546929666556,-0.11613527322974088,KwaZulu-Natal,3
121,2012.0,KZN224,1.0692624958290229,-1.0276180993376443,KwaZulu-Natal,3
122,2012.0,KZN225,1.07131392230885,0.7770674891225086,KwaZulu-Natal,4
123,2012.0,KZN226,1.0703235193965568,-0.8614565932460876,KwaZulu-Natal,3
124,2012.0,KZN227,1.0725632908263512,-0.8638114254009949,KwaZulu-Natal,3
125,2012.0,KZN232,1.069856020703019,-0.07671845247971805,KwaZulu-Natal,3
126,2012.0,KZN233,1.0463822883060807,-0.9360991940672222,KwaZulu-Natal,3
127,2012.0,KZN234,1.0726546929666556,-0.383512702686157,KwaZulu-Natal,3
128,2012.0,KZN235,1.0330195764353483,-1.3878923237366723,KwaZulu-Natal,3
129,2012.0,KZN236,1.0726357973846257,-1.636020457078514,KwaZulu-Natal,3
130,2012.0,KZN241,1.0675421844749287,0.5548379405036509,KwaZulu-Natal,4
131,2012.0,KZN242,1.0659062836017343,-1.4186810725730705,KwaZulu-Natal,3
132,2012.0,KZN244,1.0584561983808691,-1.7864810165550524,KwaZulu-Natal,3
133,2012.0,KZN245,1.0726546929666556,-1.038518869051213,KwaZulu-Natal,3
134,2012.0,KZN252,1.0708649096658807,0.6164777007287171,KwaZulu-Natal,4
135,2012.0,KZN253,1.0725183336940447,-1.1990194684254656,KwaZulu-Natal,3
136,2012.0,KZN254,1.0726546929666556,-0.9038274963276023,KwaZulu-Natal,3
137,2012.0,KZN261,0.9825803704017656,-0.8379692633163851,KwaZulu-Natal,2
138,2012.0,KZN262,1.0600311031521532,-0.9991617553217166,KwaZulu-Natal,3
139,2012.0,KZN263,1.0618387176910298,-0.260983824259176,KwaZulu-Natal,3
140,2012.0,KZN265,1.0183395145130927,-1.3481605854526562,KwaZulu-Natal,3
141,2012.0,KZN266,1.0674609488579476,-0.7182559405963268,KwaZulu-Natal,3
142,2012.0,KZN271,1.0066233569285665,-1.5758833282607145,KwaZulu-Natal,3
143,2012.0,KZN272,0.9917820793243447,-1.5388566231114034,KwaZulu-Natal,2
144,2012.0,KZN273,1.047888933828545,-1.4118755154002587,KwaZulu-Natal,3
145,2012.0,KZN274,1.036391253662531,-1.3602444828495341,KwaZulu-Natal,3
146,2012.0,KZN275,1.0494289147367935,-0.8932683484171507,KwaZulu-Natal,3
147,2012.0,KZN281,1.0598631012715276,-0.7812367749434823,KwaZulu-Natal,3
148,2012.0,KZN282,1.0726546929666556,0.6945159007066631,KwaZulu-Natal,4
149,2012.0,KZN283,1.0726546929666556,-1.4815073258469769,KwaZulu-Natal,3
150,2012.0,KZN284,1.07019359933933,-1.141790829309246,KwaZulu-Natal,3
151,2012.0,KZN285,1.0693996052338972,-1.1006039204331926,KwaZulu-Natal,3
152,2012.0,KZN286,1.0130264251168506,-1.2013166738203873,KwaZulu-Natal,3
153,2012.0,KZN291,1.0726546929666556,-0.45813410965094153,KwaZulu-Natal,3
154,2012.0,KZN292,1.0685255452803097,-0.04577031367581444,KwaZulu-Natal,3
155,2012.0,KZN293,1.0604728033583586,-1.2506283874523456,KwaZulu-Natal,3
156,2012.0,KZN294,1.0381505315772028,-1.6519899081347578,KwaZulu-Natal,3
157,2012.0,KZN431,1.0649073175580481,-1.5617997584022334,KwaZulu-Natal,3
158,2012.0,KZN432,1.0027294855303592,-0.6435586284168391,KwaZulu-Natal,3
159,2012.0,KZN433,1.0461539247423866,0.11831977222363983,KwaZulu-Natal,4
160,2012.0,KZN434,1.072346865866183,-1.5329172935135675,Limpopo,3
161,2012.0,KZN435,1.0618799449128993,-1.6326975278504263,Limpopo,3
162,2012.0,LIM331,1.0688942403401291,-1.1785992802038103,Limpopo,3
163,2012.0,LIM332,1.0140930286291507,-1.1829241185841208,Limpopo,3
164,2012.0,LIM333,1.0596715203867642,-0.9927699366630405,Limpopo,3
165,2012.0,LIM334,1.0423998448973095,0.12654565587751476,Limpopo,4
166,2012.0,LIM335,1.0301022231324188,-1.275312080786312,Limpopo,3
167,2012.0,LIM341,1.0245787659719312,0.4662506112714896,Limpopo,4
168,2012.0,LIM342,1.0369951001631323,-1.5319168445928917,Limpopo,3
169,2012.0,LIM343,1.0624973752358242,-1.015352700474001,Limpopo,3
170,2012.0,LIM344,1.0620019578970468,-1.0668257298975805,Limpopo,3
171,2012.0,LIM351,1.0610051799785976,-1.2170726739485331,Limpopo,3
172,2012.0,LIM352,1.0318570712246249,-0.8414619139665148,Limpopo,3
173,2012.0,LIM353,1.0726546929666556,-0.4143910429282574,Limpopo,3
174,2012.0,LIM354,1.0505516619507205,0.11843721178869027,Limpopo,4
175,2012.0,LIM355,1.0325181127018142,-0.6573528390956425,Limpopo,3
176,2012.0,LIM361,0.9867637404258297,0.624868199296461,Limpopo,1
177,2012.0,LIM362,1.066750433377819,-0.10328183532600067,Limpopo,3
178,2012.0,LIM364,1.062656167909135,0.5825817062028503,Limpopo,4
179,2012.0,LIM365,1.0602306577935283,0.6522069119488902,Eastern Cape,4
180,2012.0,LIM366,1.0591910666407065,0.8384065595809261,Eastern Cape,4
181,2012.0,LIM367,1.0691443657100947,-0.43065467774896476,Limpopo,3
182,2012.0,LIM471,0.9653800145184726,-0.7205519398450517,Limpopo,2
183,2012.0,LIM472,1.0416147027224514,-0.85793026413949,Limpopo,3
184,2012.0,LIM473,1.062947662612358,-1.2640488886888088,Limpopo,3
185,2012.0,LIM474,1.067032314976712,-1.1521291041649422,Limpopo,3
186,2012.0,LIM475,0.9685738753952975,-1.241641186647569,Limpopo,2
187,2012.0,MAN,1.0455312157789378,0.6572674762262897,Gauteng,4
188,2012.0,MP301,1.0520256875377618,-0.5896115729708616,Mpumalanga,3
189,2012.0,MP302,1.0726546929666556,0.3036723266285003,Mpumalanga,4
190,2012.0,MP303,1.0720436732769165,-0.5310057522808703,Mpumalanga,3
191,2012.0,MP304,1.0714951019858252,0.0817657635127379,Mpumalanga,4
192,2012.0,MP305,1.017414979063851,0.9543643677019547,Mpumalanga,4
193,2012.0,MP306,1.0325846585344376,0.7164207101383102,Mpumalanga,4
194,2012.0,MP307,1.0595069863996351,1.135156562803128,Mpumalanga,4
195,2012.0,MP311,1.0726546929666556,0.5645720322827076,North West,4
196,2012.0,MP312,1.070630690038464,0.9417286763884064,Mpumalanga,4
197,2012.0,MP313,1.0448396974977285,0.9330441459000343,Mpumalanga,4
198,2012.0,MP314,1.0706765563842977,0.4134641645619371,Mpumalanga,4
199,2012.0,MP315,1.0647124585296113,-0.05913362849941351,Mpumalanga,3
200,2012.0,MP316,1.0726546929666556,-0.2952112584467277,Mpumalanga,3
201,2012.0,MP321,1.0639473329918736,0.6252196357789299,Mpumalanga,4
202,2012.0,MP322,1.0718014260248099,0.07555885723950842,North West,4
203,2012.0,MP323,1.0725566975650869,0.4757010420638515,Mpumalanga,4
204,2012.0,MP324,1.0379155016720165,-0.6429125642797626,Mpumalanga,3
205,2012.0,MP325,0.9554251351386591,-0.9585891519384928,Mpumalanga,2
206,2012.0,NC061,1.0676484470054195,1.191464420397461,Northern Cape,4
207,2012.0,NC062,1.0355360778918041,1.2495660456577546,Northern Cape,4
208,2012.0,NC064,1.0218821145173504,0.5289775090749539,Northern Cape,4
209,2012.0,NC065,1.05391886814094,1.052014826236317,Northern Cape,4
210,2012.0,NC066,1.0726546929666556,0.6098108680836065,Northern Cape,4
211,2012.0,NC067,1.045433885453941,0.809337370303715,Northern Cape,4
212,2012.0,NC071,1.0437919451141378,0.9504443530842239,Northern Cape,4
213,2012.0,NC072,1.0311987778222207,0.5450511983932289,Northern Cape,4
214,2012.0,NC073,1.0628192925383275,1.1782782157169178,Northern Cape,4
215,2012.0,NC074,1.0667566054631366,0.8624379317995194,Northern Cape,4
216,2012.0,NC075,0.9617120136887954,1.0351379640140081,Northern Cape,1
217,2012.0,NC076,0.9969531465662924,0.46460833364444265,Northern Cape,1
218,2012.0,NC077,1.0054065596848865,0.8117147128010225,Northern Cape,4
219,2012.0,NC078,1.0514005253538103,0.5594433842665482,Northern Cape,4
220,2012.0,NC081,1.042655164659822,0.3648370343049841,Northern Cape,4
221,2012.0,NC082,1.0161441076065623,0.888096196827793,Northern Cape,4
222,2012.0,NC083,1.0388689771547823,1.0878056951641506,Northern Cape,4
223,2012.0,NC084,1.0288366649679301,0.3331011575228798,Northern Cape,4
224,2012.0,NC085,0.842923046644014,1.0126515243643959,Western Cape,1
225,2012.0,NC086,1.052354781014639,1.4306630935773879,Northern Cape,4
226,2012.0,NC091,1.0718898393515257,1.164889456928025,Northern Cape,4
227,2012.0,NC092,1.0726546929666556,0.7146779336567437,Northern Cape,4
228,2012.0,NC093,1.0517671029148685,1.0923236945931738,Northern Cape,4
229,2012.0,NC094,1.0327493094060258,0.7835940494450926,Western Cape,4
230,2012.0,NC451,1.0725186358810068,-1.4724733100694158,Northern Cape,3
231,2012.0,NC452,1.0204121282112453,-0.46641000610876643,Northern Cape,3
232,2012.0,NC453,1.0726546929666556,1.2886930532150325,Northern Cape,4
233,2012.0,NMA,1.0630179722834385,1.036992970298645,Free State,4
234,2012.0,NW371,1.0602731318997916,-0.2999733782216523,North West,3
235,2012.0,NW372,1.0696345862409118,0.10692823058153798,North West,4
236,2012.0,NW373,1.0439794187236577,0.7516134950502124,North West,4
237,2012.0,NW374,1.0726122560946123,0.4199271311679636,North West,4
238,2012.0,NW375,0.9810274394881404,-0.41794224759805904,North West,2
239,2012.0,NW381,1.044631573096643,-1.304307933034217,North West,3
240,2012.0,NW382,1.0603181797082657,-0.45763373106911115,North West,3
241,2012.0,NW383,1.0572838548300902,-0.17708804993491534,North West,3
242,2012.0,NW384,1.07254588195257,-0.00833711903705296,Northern Cape,3
243,2012.0,NW385,-26.407352015810964,-0.5141210837670022,North West,2
244,2012.0,NW392,1.0214026862053447,0.3769884769011535,North West,4
245,2012.0,NW393,1.007630261349538,0.5459603572818342,North West,4
246,2012.0,NW394,1.0719496963545276,-1.2188364392972726,North West,3
247,2012.0,NW396,1.0272421522700887,1.0302386194223265,Northern Cape,4
248,2012.0,NW397,1.0726546929666556,-1.124670819553873,North West,3
249,2012.0,NW401,1.0020188118656292,-0.18422731329172337,North West,3
250,2012.0,NW402,0.9997432137928652,1.2216851012010939,North West,1
251,2012.0,NW403,1.034743081435348,1.2772435087463805,North West,4
252,2012.0,NW404,1.0681856353157415,0.7782422122495478,North West,4
253,2012.0,TSH,1.0675768491360291,1.1628102911818974,KwaZulu-Natal,4
254,2012.0,WC011,1.048840458104654,0.8110499794644263,Western Cape,4
255,2012.0,WC012,1.0323114840216923,1.1009972660058245,Western Cape,4
256,2012.0,WC013,1.0550636220941942,1.186250916984815,Western Cape,4
257,2012.0,WC014,1.0719165024463928,1.409041947663166,Western Cape,4
258,2012.0,WC015,1.0700590590612171,1.1337578067511265,Western Cape,4
259,2012.0,WC022,1.067430198137172,1.0346916975135287,Western Cape,4
260,2012.0,WC023,1.0681002398959596,1.3293323924699068,Western Cape,4
261,2012.0,WC024,1.072643709263922,1.3040774945156888,Western Cape,4
262,2012.0,WC025,1.0719357289907285,1.1457602090555867,Western Cape,4
263,2012.0,WC026,1.0719384029997574,1.1861102108950665,Western Cape,4
264,2012.0,WC031,1.0464353966283573,1.0510659303222247,Western Cape,4
265,2012.0,WC032,1.07261615007184,0.8055056068167696,Western Cape,4
266,2012.0,WC033,1.0648844452315778,1.1110022552849477,Eastern Cape,4
267,2012.0,WC034,1.059332654830334,1.089605760300097,Western Cape,4
268,2012.0,WC041,1.0483913252386152,0.8299363627394798,Western Cape,4
269,2012.0,WC042,1.072407961524159,1.1468076526309186,Western Cape,4
270,2012.0,WC043,1.023540119200031,0.9490136576938122,Western Cape,4
271,2012.0,WC044,1.0649242242335675,0.995087332418252,Western Cape,4
272,2012.0,WC045,1.0679354400654417,0.8030885860069252,Eastern Cape,4
273,2012.0,WC047,1.0378876286118075,0.7683320737404267,Western Cape,4
274,2012.0,WC048,1.033008727514851,0.7491040524655809,Western Cape,4
275,2012.0,WC051,1.035531669459835,1.1020568606309826,Western Cape,4
276,2012.0,WC052,1.0604631870739176,1.0413983304523904,Western Cape,4
277,2012.0,WC053,1.0637681872945173,1.2719318995380549,Mpumalanga,4
278,2013.0,BUF,1.0683863660959256,0.3556953339164828,Eastern Cape,4
279,2013.0,CPT,1.0726493694382169,1.1412750924213355,Western Cape,4
324,2013.0,EC101,1.0620925479722294,1.2119534697983112,Eastern Cape,4
325,2013.0,EC102,1.0581577096247696,0.9003235755135781,Eastern Cape,4
326,2013.0,EC103,1.0190996932478253,0.9226856550622854,Eastern Cape,4
327,2013.0,EC104,1.0086181327502317,0.7397624952213873,Eastern Cape,4
328,2013.0,EC105,1.0377728832983697,0.28928689780584066,Eastern Cape,4
329,2013.0,EC106,1.0398987748798283,0.2706625919286222,Eastern Cape,4
330,2013.0,EC107,1.0476139987660373,0.5856355119730111,Eastern Cape,4
331,2013.0,EC108,1.0633237271498586,0.7748986373213546,Eastern Cape,4
332,2013.0,EC109,1.0726546929666556,0.7381720722640098,Eastern Cape,4
333,2013.0,EC121,1.0331570720547563,-1.6605681818503855,Eastern Cape,3
334,2013.0,EC122,1.0156305213248273,-1.2849456863645021,Eastern Cape,3
335,2013.0,EC123,0.8906444212863012,-0.8414920190313979,Eastern Cape,2
336,2013.0,EC124,1.0679593927998832,-1.0448085018703621,Eastern Cape,3
337,2013.0,EC126,1.0527210010539818,-1.3444350205316518,Eastern Cape,3
338,2013.0,EC127,1.0694144717573124,-0.5680520852704458,Eastern Cape,3
339,2013.0,EC128,1.0712260992128058,0.4762031359748721,Eastern Cape,4
340,2013.0,EC131,1.0510469982526822,1.0280622407222697,Eastern Cape,4
341,2013.0,EC132,1.036985631450082,-0.8987564204076482,Eastern Cape,3
342,2013.0,EC133,0.9502754703898821,0.5745774254664313,Eastern Cape,1
343,2013.0,EC134,1.0439057311098099,0.14112400887250465,Eastern Cape,4
344,2013.0,EC135,1.0726238780243451,-1.7027067977760642,Eastern Cape,3
345,2013.0,EC136,0.9878075330311336,-1.1655490719233983,Eastern Cape,2
346,2013.0,EC137,0.9922376600767782,-1.7595461487786135,Eastern Cape,2
347,2013.0,EC138,1.0053112314771047,-0.9533341607409426,Eastern Cape,3
348,2013.0,EC141,1.0494954473864437,-1.586071457907729,Eastern Cape,3
349,2013.0,EC142,1.0700358342403387,-1.088774787128907,Eastern Cape,3
350,2013.0,EC143,1.0632817811882653,0.428116454369381,Eastern Cape,4
351,2013.0,EC144,1.0236120957102266,0.49223929354629165,Eastern Cape,4
352,2013.0,EC153,1.0726546929666556,-1.7916468708661137,Eastern Cape,3
353,2013.0,EC154,1.0726546929666556,-1.8123146004752742,Eastern Cape,3
354,2013.0,EC155,1.0451822666444752,-1.8108515410898596,Eastern Cape,3
355,2013.0,EC156,0.8516294945560019,-1.7259365519714953,Eastern Cape,2
356,2013.0,EC157,1.0468719984172128,-1.098007884346309,Eastern Cape,3
357,2013.0,EC441,1.0649412441188484,-1.4412837836024956,Eastern Cape,3
358,2013.0,EC442,0.6056435275830452,-1.6484133946406763,Eastern Cape,2
359,2013.0,EC443,1.064280156213119,-1.8355902231502512,Free State,3
360,2013.0,EC444,1.0723982826298837,-1.9226867131673755,Free State,3
361,2013.0,EKU,1.071729637584775,1.1402618638173558,Gauteng,4
362,2013.0,ETH,1.0708788804338338,0.890073820046109,KwaZulu-Natal,4
363,2013.0,FS161,0.9561227586614631,0.8492663673954055,Free State,1
364,2013.0,FS162,0.8698283361485893,0.8989486002307296,Free State,1
365,2013.0,FS163,0.9128062811483094,0.3919049091825887,Free State,1
366,2013.0,FS164,1.0400456174597401,0.790456457455893,Free State,4
367,2013.0,FS181,0.6087023242326591,0.770022073860245,Free State,1
368,2013.0,FS182,0.554259293124937,0.14127126044383595,Free State,1
369,2013.0,FS183,1.0689804261490732,0.9386099113194654,Free State,4
370,2013.0,FS184,0.8391995542650063,1.0231434292447883,Free State,1
371,2013.0,FS185,1.0320077313628204,0.707127270687006,Free State,4
372,2013.0,FS191,1.0108925536565694,0.36430350467093975,Free State,4
373,2013.0,FS192,1.0713569573358042,0.5784350773149615,Free State,4
374,2013.0,FS193,0.6796743260233169,0.4718172867416388,Free State,1
375,2013.0,FS194,1.0712876437197052,0.06061710499857865,Free State,4
376,2013.0,FS195,0.9166260088089956,0.24521534630250125,Free State,1
377,2013.0,FS196,0.9992815954317136,0.4981744418710564,Free State,1
378,2013.0,FS201,1.0122869636248475,1.0715287492067167,Free State,4
379,2013.0,FS203,1.032364368030561,0.9118310559974943,Free State,4
380,2013.0,FS204,1.0114109667504845,1.0680974819330518,Gauteng,4
381,2013.0,FS205,1.0502428888757542,0.7735125141702827,Gauteng,4
382,2013.0,GT421,1.067695476960179,1.4796649516426679,Gauteng,4
383,2013.0,GT422,1.0636503616135529,0.9089040646307591,Gauteng,4
384,2013.0,GT423,1.0684876364568496,1.0296162140731895,Gauteng,4
385,2013.0,GT481,1.0689120279890911,1.2561169222520836,Gauteng,4
386,2013.0,GT482,1.0606674356312418,1.0196269092499348,KwaZulu-Natal,4
387,2013.0,GT483,1.0675116069547417,0.4959273236835644,KwaZulu-Natal,4
388,2013.0,GT484,1.0689859198910934,0.9070693993462663,Gauteng,4
389,2013.0,JHB,1.0717940473771042,1.4072672439906952,Gauteng,4
390,2013.0,KZN211,0.9949808235954698,-1.6290615275093794,KwaZulu-Natal,2
391,2013.0,KZN212,1.0561266495207564,-0.2574816170642146,KwaZulu-Natal,3
392,2013.0,KZN214,1.0706582213057292,-1.528241901369616,KwaZulu-Natal,3
393,2013.0,KZN215,1.0340655588305883,-1.4672484664530225,KwaZulu-Natal,3
394,2013.0,KZN216,1.0674134979834728,-0.37629757308789724,KwaZulu-Natal,3
395,2013.0,KZN221,1.064870346046595,-0.6609753162247396,KwaZulu-Natal,3
396,2013.0,KZN222,1.0705639799485558,0.8465832746825733,KwaZulu-Natal,4
397,2013.0,KZN223,1.037938479813437,-0.11613527322974088,KwaZulu-Natal,3
398,2013.0,KZN224,1.0722647885752845,-1.0276180993376443,KwaZulu-Natal,3
399,2013.0,KZN225,1.0726546929666556,0.7770674891225086,KwaZulu-Natal,4
400,2013.0,KZN226,1.069524207394293,-0.8614565932460876,KwaZulu-Natal,3
401,2013.0,KZN227,1.0562675934244412,-0.8638114254009949,KwaZulu-Natal,3
402,2013.0,KZN232,1.0709448200457685,-0.07671845247971805,KwaZulu-Natal,3
403,2013.0,KZN233,1.0726480496989315,-0.9360991940672222,KwaZulu-Natal,3
404,2013.0,KZN234,1.068278608561341,-0.383512702686157,KwaZulu-Natal,3
405,2013.0,KZN235,1.0499738032035744,-1.3878923237366723,KwaZulu-Natal,3
406,2013.0,KZN236,0.9051278516748494,-1.636020457078514,KwaZulu-Natal,2
407,2013.0,KZN241,1.0707375076781083,0.5548379405036509,KwaZulu-Natal,4
408,2013.0,KZN242,1.0726546929666556,-1.4186810725730705,KwaZulu-Natal,3
409,2013.0,KZN244,0.9845054755556459,-1.7864810165550524,KwaZulu-Natal,2
410,2013.0,KZN245,1.0726546929666556,-1.038518869051213,KwaZulu-Natal,3
411,2013.0,KZN252,1.035118274328153,0.6164777007287171,KwaZulu-Natal,4
412,2013.0,KZN253,1.062503834968311,-1.1990194684254656,KwaZulu-Natal,3
413,2013.0,KZN254,1.0465579793592144,-0.9038274963276023,KwaZulu-Natal,3
414,2013.0,KZN261,0.88428051301712,-0.8379692633163851,KwaZulu-Natal,2
415,2013.0,KZN262,1.035752344177012,-0.9991617553217166,KwaZulu-Natal,3
416,2013.0,KZN263,1.0724136657194168,-0.260983824259176,KwaZulu-Natal,3
417,2013.0,KZN265,1.0238647083596109,-1.3481605854526562,KwaZulu-Natal,3
418,2013.0,KZN266,1.0628917095538997,-0.7182559405963268,KwaZulu-Natal,3
419,2013.0,KZN271,0.9534374364200523,-1.5758833282607145,KwaZulu-Natal,2
420,2013.0,KZN272,1.0724865753225246,-1.5388566231114034,KwaZulu-Natal,3
421,2013.0,KZN273,1.0653828786532409,-1.4118755154002587,KwaZulu-Natal,3
422,2013.0,KZN274,1.0127392283151766,-1.3602444828495341,KwaZulu-Natal,3
423,2013.0,KZN275,1.0121750360504305,-0.8932683484171507,KwaZulu-Natal,3
424,2013.0,KZN281,0.9813407114495484,-0.7812367749434823,KwaZulu-Natal,2
425,2013.0,KZN282,1.0726546929666556,0.6945159007066631,KwaZulu-Natal,4
426,2013.0,KZN283,1.0726546929666556,-1.4815073258469769,KwaZulu-Natal,3
427,2013.0,KZN284,1.0398578335733837,-1.141790829309246,KwaZulu-Natal,3
428,2013.0,KZN285,1.0726546929666556,-1.1006039204331926,KwaZulu-Natal,3
429,2013.0,KZN286,1.0005943921963645,-1.2013166738203873,KwaZulu-Natal,3
430,2013.0,KZN291,1.0711799416914485,-0.45813410965094153,KwaZulu-Natal,3
431,2013.0,KZN292,1.0663414980689234,-0.04577031367581444,KwaZulu-Natal,3
432,2013.0,KZN293,1.0637799935019303,-1.2506283874523456,KwaZulu-Natal,3
433,2013.0,KZN294,0.9447008137078955,-1.6519899081347578,KwaZulu-Natal,2
434,2013.0,KZN431,1.0726546929666556,-1.5617997584022334,KwaZulu-Natal,3
435,2013.0,KZN432,0.9751777278976314,-0.6435586284168391,KwaZulu-Natal,2
436,2013.0,KZN433,1.05277549564948,0.11831977222363983,KwaZulu-Natal,4
437,2013.0,KZN434,1.0726546929666556,-1.5329172935135675,Limpopo,3
438,2013.0,KZN435,1.0638498091214683,-1.6326975278504263,Limpopo,3
439,2013.0,LIM331,1.067901299275405,-1.1785992802038103,Limpopo,3
440,2013.0,LIM332,1.0377130641866699,-1.1829241185841208,Limpopo,3
441,2013.0,LIM333,1.0561718241739035,-0.9927699366630405,Limpopo,3
442,2013.0,LIM334,1.0439077329168567,0.12654565587751476,Limpopo,4
443,2013.0,LIM335,1.0656459448586468,-1.275312080786312,Limpopo,3
444,2013.0,LIM341,1.0726546929666556,0.4662506112714896,Limpopo,4
445,2013.0,LIM342,1.0726546929666556,-1.5319168445928917,Limpopo,3
446,2013.0,LIM343,1.0726546929666556,-1.015352700474001,Limpopo,3
447,2013.0,LIM344,1.0351742116795473,-1.0668257298975805,Limpopo,3
448,2013.0,LIM351,1.0537077478894736,-1.2170726739485331,Limpopo,3
449,2013.0,LIM352,1.0726546929666556,-0.8414619139665148,Limpopo,3
450,2013.0,LIM353,1.0726546929666556,-0.4143910429282574,Limpopo,3
451,2013.0,LIM354,1.0494022436053627,0.11843721178869027,Limpopo,4
452,2013.0,LIM355,1.0241520611173576,-0.6573528390956425,Limpopo,3
453,2013.0,LIM361,0.8653612007045186,0.624868199296461,Limpopo,1
454,2013.0,LIM362,1.0726546929666556,-0.10328183532600067,Limpopo,3
455,2013.0,LIM364,1.0606865199305333,0.5825817062028503,Limpopo,4
456,2013.0,LIM365,1.0679701507081603,0.6522069119488902,Eastern Cape,4
457,2013.0,LIM366,1.037423214361446,0.8384065595809261,Eastern Cape,4
458,2013.0,LIM367,1.0726546929666556,-0.43065467774896476,Limpopo,3
459,2013.0,LIM471,1.0726546929666556,-0.7205519398450517,Limpopo,3
460,2013.0,LIM472,0.7991502930451155,-0.85793026413949,Limpopo,2
461,2013.0,LIM473,1.0726546929666556,-1.2640488886888088,Limpopo,3
462,2013.0,LIM474,1.0726546929666556,-1.1521291041649422,Limpopo,3
463,2013.0,MAN,1.040672989283264,0.6572674762262897,Gauteng,4
464,2013.0,MP301,0.9966003963191566,-0.5896115729708616,Mpumalanga,2
465,2013.0,MP302,1.0451331587711636,0.3036723266285003,Mpumalanga,4
466,2013.0,MP303,1.046916784835994,-0.5310057522808703,Mpumalanga,3
467,2013.0,MP304,0.9797950529692587,0.0817657635127379,Mpumalanga,1
468,2013.0,MP305,0.9879847248499601,0.9543643677019547,Mpumalanga,1
469,2013.0,MP306,1.011927498730158,0.7164207101383102,Mpumalanga,4
470,2013.0,MP307,1.07096308587342,1.135156562803128,Mpumalanga,4
471,2013.0,MP311,1.0614029913262717,0.5645720322827076,North West,4
472,2013.0,MP312,1.0688187900113015,0.9417286763884064,Mpumalanga,4
473,2013.0,MP313,1.0726546929666556,0.9330441459000343,Mpumalanga,4
474,2013.0,MP314,1.0461629398506243,0.4134641645619371,Mpumalanga,4
475,2013.0,MP315,1.0337016037956106,-0.05913362849941351,Mpumalanga,3
476,2013.0,MP316,1.0723955131248362,-0.2952112584467277,Mpumalanga,3
477,2013.0,MP321,1.0509203451467617,0.6252196357789299,Mpumalanga,4
478,2013.0,MP322,1.0660545169544806,0.07555885723950842,North West,4
479,2013.0,MP323,1.0104834192614984,0.4757010420638515,Mpumalanga,4
480,2013.0,MP324,1.0494335174153382,-0.6429125642797626,Mpumalanga,3
481,2013.0,MP325,0.9116820794343197,-0.9585891519384928,Mpumalanga,2
482,2013.0,NC061,1.0395014918341956,1.191464420397461,Northern Cape,4
483,2013.0,NC062,0.9862720203045264,1.2495660456577546,Northern Cape,1
484,2013.0,NC064,0.8935167484226767,0.5289775090749539,Northern Cape,1
485,2013.0,NC065,1.0653957423502958,1.052014826236317,Northern Cape,4
486,2013.0,NC066,0.9160407428698032,0.6098108680836065,Northern Cape,1
487,2013.0,NC067,1.0228894716242622,0.809337370303715,Northern Cape,4
488,2013.0,NC071,1.069655641485165,0.9504443530842239,Northern Cape,4
489,2013.0,NC072,0.9853600083537694,0.5450511983932289,Northern Cape,1
490,2013.0,NC073,1.0204178354135656,1.1782782157169178,Northern Cape,4
491,2013.0,NC074,1.0541546653998681,0.8624379317995194,Northern Cape,4
492,2013.0,NC075,0.85658014722927,1.0351379640140081,Northern Cape,1
493,2013.0,NC076,0.9488363874603174,0.46460833364444265,Northern Cape,1
494,2013.0,NC077,0.9991182817022342,0.8117147128010225,Northern Cape,1
495,2013.0,NC078,0.9662730509872068,0.5594433842665482,Northern Cape,1
496,2013.0,NC081,1.0024533134514282,0.3648370343049841,Northern Cape,4
497,2013.0,NC082,1.0673994434361147,0.888096196827793,Northern Cape,4
498,2013.0,NC083,1.062730020027455,1.0878056951641506,Northern Cape,4
499,2013.0,NC084,1.0660304427397156,0.3331011575228798,Northern Cape,4
500,2013.0,NC085,0.9971712569277204,1.0126515243643959,Western Cape,1
501,2013.0,NC086,1.0030951352386446,1.4306630935773879,Northern Cape,4
502,2013.0,NC091,1.0713013856809304,1.164889456928025,Northern Cape,4
503,2013.0,NC092,1.0725434056967098,0.7146779336567437,Northern Cape,4
504,2013.0,NC093,1.0674493715958242,1.0923236945931738,Northern Cape,4
505,2013.0,NC094,1.0686721258060405,0.7835940494450926,Western Cape,4
506,2013.0,NC451,1.0443442366729474,-1.4724733100694158,Northern Cape,3
507,2013.0,NC452,1.0652873134146268,-0.46641000610876643,Northern Cape,3
508,2013.0,NC453,1.0515204196843557,1.2886930532150325,Northern Cape,4
509,2013.0,NMA,1.0646160299637322,1.036992970298645,Free State,4
510,2013.0,NW371,1.0583866999720941,-0.2999733782216523,North West,3
511,2013.0,NW372,1.0724567791890514,0.10692823058153798,North West,4
512,2013.0,NW373,1.0556910295878437,0.7516134950502124,North West,4
513,2013.0,NW374,1.0526274027568971,0.4199271311679636,North West,4
514,2013.0,NW375,0.9695724493888087,-0.41794224759805904,North West,2
515,2013.0,NW381,1.0477492919820763,-1.304307933034217,North West,3
516,2013.0,NW382,1.041337930809747,-0.45763373106911115,North West,3
517,2013.0,NW383,1.011758957870209,-0.17708804993491534,North West,3
518,2013.0,NW384,1.0715213003558441,-0.00833711903705296,Northern Cape,3
519,2013.0,NW385,1.0714399580783271,-0.5141210837670022,North West,3
520,2013.0,NW392,1.006669488610355,0.3769884769011535,North West,4
521,2013.0,NW393,1.0096500193851803,0.5459603572818342,North West,4
522,2013.0,NW394,1.0332332045311883,-1.2188364392972726,North West,3
523,2013.0,NW396,1.071276218385214,1.0302386194223265,Northern Cape,4
524,2013.0,NW397,1.0726546929666556,-1.124670819553873,North West,3
525,2013.0,NW401,0.9691755897167689,-0.18422731329172337,North West,2
526,2013.0,NW402,0.9982501972376435,1.2216851012010939,North West,1
527,2013.0,NW403,0.9935667936709794,1.2772435087463805,North West,1
528,2013.0,NW404,1.050745856363179,0.7782422122495478,North West,4
529,2013.0,TSH,1.0688042787897432,1.1628102911818974,KwaZulu-Natal,4
530,2013.0,WC011,1.0041533363645172,0.8110499794644263,Western Cape,4
531,2013.0,WC012,1.0680376188066283,1.1009972660058245,Western Cape,4
532,2013.0,WC013,1.0713875641466364,1.186250916984815,Western Cape,4
533,2013.0,WC014,1.0673141946190083,1.409041947663166,Western Cape,4
534,2013.0,WC015,1.0668401097562727,1.1337578067511265,Western Cape,4
535,2013.0,WC022,1.0725069417860225,1.0346916975135287,Western Cape,4
536,2013.0,WC023,1.0719931540950087,1.3293323924699068,Western Cape,4
537,2013.0,WC024,1.0661828443246175,1.3040774945156888,Western Cape,4
538,2013.0,WC025,1.0726469621421886,1.1457602090555867,Western Cape,4
539,2013.0,WC026,1.0726546929666556,1.1861102108950665,Western Cape,4
540,2013.0,WC031,1.0434341087214611,1.0510659303222247,Western Cape,4
541,2013.0,WC032,1.0677807668084103,0.8055056068167696,Western Cape,4
542,2013.0,WC033,1.0581497408297547,1.1110022552849477,Eastern Cape,4
543,2013.0,WC034,1.0624268398604577,1.089605760300097,Western Cape,4
544,2013.0,WC041,1.0067228170549147,0.8299363627394798,Western Cape,4
545,2013.0,WC042,1.0678451186549596,1.1468076526309186,Western Cape,4
546,2013.0,WC043,1.0491745292032073,0.9490136576938122,Western Cape,4
547,2013.0,WC044,1.0693996370027363,0.995087332418252,Western Cape,4
548,2013.0,WC045,1.0575052204689692,0.8030885860069252,Eastern Cape,4
549,2013.0,WC047,1.0486283385291748,0.7683320737404267,Western Cape,4
550,2013.0,WC048,0.9793867020696888,0.7491040524655809,Western Cape,1
551,2013.0,WC051,1.0168764133940047,1.1020568606309826,Western Cape,4
552,2013.0,WC052,1.0511395248223399,1.0413983304523904,Western Cape,4
553,2013.0,WC053,1.0638684831230423,1.2719318995380549,Mpumalanga,4
554,2014.0,BUF,1.0569835341574638,0.3556953339164828,Eastern Cape,4
555,2014.0,CPT,1.0726535631291383,1.1412750924213355,Western Cape,4
600,2014.0,EC101,1.060108473355466,1.2119534697983112,Eastern Cape,4
601,2014.0,EC102,1.0451814644652058,0.9003235755135781,Eastern Cape,4
602,2014.0,EC103,0.8828614127371687,0.9226856550622854,Eastern Cape,1
603,2014.0,EC104,1.0288736751165082,0.7397624952213873,Eastern Cape,4
604,2014.0,EC105,0.9824644030349307,0.28928689780584066,Eastern Cape,1
605,2014.0,EC106,0.9480575406222539,0.2706625919286222,Eastern Cape,1
606,2014.0,EC107,1.0565336309445392,0.5856355119730111,Eastern Cape,4
607,2014.0,EC108,1.0670217445160517,0.7748986373213546,Eastern Cape,4
608,2014.0,EC109,1.0321764964783344,0.7381720722640098,Eastern Cape,4
609,2014.0,EC121,1.0581658483638807,-1.6605681818503855,Eastern Cape,3
610,2014.0,EC122,1.0408809074283922,-1.2849456863645021,Eastern Cape,3
611,2014.0,EC123,1.0582294489116497,-0.8414920190313979,Eastern Cape,3
612,2014.0,EC124,1.0110073797998502,-1.0448085018703621,Eastern Cape,3
613,2014.0,EC126,1.034151054279706,-1.3444350205316518,Eastern Cape,3
614,2014.0,EC127,1.0512737934388907,-0.5680520852704458,Eastern Cape,3
615,2014.0,EC128,1.0303821184136253,0.4762031359748721,Eastern Cape,4
616,2014.0,EC131,1.064269268915607,1.0280622407222697,Eastern Cape,4
617,2014.0,EC132,1.0656958241159475,-0.8987564204076482,Eastern Cape,3
618,2014.0,EC133,1.058198816197854,0.5745774254664313,Eastern Cape,4
619,2014.0,EC134,1.0483452691881023,0.14112400887250465,Eastern Cape,4
620,2014.0,EC135,1.0235196799541357,-1.7027067977760642,Eastern Cape,3
621,2014.0,EC136,1.0304805288942582,-1.1655490719233983,Eastern Cape,3
622,2014.0,EC137,1.0725794245233924,-1.7595461487786135,Eastern Cape,3
623,2014.0,EC138,1.013263838070143,-0.9533341607409426,Eastern Cape,3
624,2014.0,EC141,1.068857086487527,-1.586071457907729,Eastern Cape,3
625,2014.0,EC142,1.0715760372655483,-1.088774787128907,Eastern Cape,3
626,2014.0,EC143,1.0542379355041462,0.428116454369381,Eastern Cape,4
627,2014.0,EC144,1.0542225219606627,0.49223929354629165,Eastern Cape,4
628,2014.0,EC153,1.0722340778933297,-1.7916468708661137,Eastern Cape,3
629,2014.0,EC154,1.0075015346078144,-1.8123146004752742,Eastern Cape,3
630,2014.0,EC155,1.0572370421657424,-1.8108515410898596,Eastern Cape,3
631,2014.0,EC156,0.9835001595795757,-1.7259365519714953,Eastern Cape,2
632,2014.0,EC157,0.9889614041483163,-1.098007884346309,Eastern Cape,2
633,2014.0,EC441,1.0643435012107316,-1.4412837836024956,Eastern Cape,3
634,2014.0,EC442,1.072231138054562,-1.6484133946406763,Eastern Cape,3
635,2014.0,EC443,1.0590218571888625,-1.8355902231502512,Free State,3
636,2014.0,EC444,1.0355961867637258,-1.9226867131673755,Free State,3
637,2014.0,EKU,1.0713788836941205,1.1402618638173558,Gauteng,4
638,2014.0,ETH,1.0710031228813965,0.890073820046109,KwaZulu-Natal,4
639,2014.0,FS161,1.0340434859778018,0.8492663673954055,Free State,4
640,2014.0,FS162,1.0327619374486776,0.8989486002307296,Free State,4
641,2014.0,FS163,1.0499878306933679,0.3919049091825887,Free State,4
642,2014.0,FS164,1.0214824917505703,0.790456457455893,Free State,4
643,2014.0,FS181,1.0564878660541392,0.770022073860245,Free State,4
644,2014.0,FS182,1.0403006132815302,0.14127126044383595,Free State,4
645,2014.0,FS183,1.069944383700115,0.9386099113194654,Free State,4
646,2014.0,FS184,1.0332792007486247,1.0231434292447883,Free State,4
647,2014.0,FS185,1.0154972235105097,0.707127270687006,Free State,4
648,2014.0,FS191,1.0291592254999575,0.36430350467093975,Free State,4
649,2014.0,FS192,1.0486889691116887,0.5784350773149615,Free State,4
650,2014.0,FS193,1.0617163671107201,0.4718172867416388,Free State,4
651,2014.0,FS194,1.026536467444635,0.06061710499857865,Free State,4
652,2014.0,FS195,1.0094781907503847,0.24521534630250125,Free State,4
653,2014.0,FS196,1.055115129065547,0.4981744418710564,Free State,4
654,2014.0,FS201,1.0098091046544848,1.0715287492067167,Free State,4
655,2014.0,FS203,1.04259992230241,0.9118310559974943,Free State,4
656,2014.0,FS204,1.0467696939456754,1.0680974819330518,Gauteng,4
657,2014.0,FS205,0.9881960205772359,0.7735125141702827,Gauteng,1
658,2014.0,GT421,1.0726521329166663,1.4796649516426679,Gauteng,4
659,2014.0,GT422,1.0726546929666556,0.9089040646307591,Gauteng,4
660,2014.0,GT423,1.0715661660728681,1.0296162140731895,Gauteng,4
661,2014.0,GT481,1.0724229120137005,1.2561169222520836,Gauteng,4
662,2014.0,GT482,1.055619531799143,1.0196269092499348,KwaZulu-Natal,4
663,2014.0,GT483,1.033109856177057,0.4959273236835644,KwaZulu-Natal,4
664,2014.0,GT484,1.038290499800305,0.9070693993462663,Gauteng,4
665,2014.0,JHB,1.0716624706553373,1.4072672439906952,Gauteng,4
666,2014.0,KZN211,1.059846376644717,-1.6290615275093794,KwaZulu-Natal,3
667,2014.0,KZN212,1.0581950977227683,-0.2574816170642146,KwaZulu-Natal,3
668,2014.0,KZN213,1.0487480467169517,-1.5455713715971022,KwaZulu-Natal,3
669,2014.0,KZN214,1.0548144232342729,-1.528241901369616,KwaZulu-Natal,3
670,2014.0,KZN215,1.0726546929666556,-1.4672484664530225,KwaZulu-Natal,3
671,2014.0,KZN221,1.0726546929666556,-0.6609753162247396,KwaZulu-Natal,3
672,2014.0,KZN222,1.040413594602585,0.8465832746825733,KwaZulu-Natal,4
673,2014.0,KZN223,1.0326286752145362,-0.11613527322974088,KwaZulu-Natal,3
674,2014.0,KZN224,1.0677763531812177,-1.0276180993376443,KwaZulu-Natal,3
675,2014.0,KZN225,1.0632600095043356,0.7770674891225086,KwaZulu-Natal,4
676,2014.0,KZN226,1.068618801985664,-0.8614565932460876,KwaZulu-Natal,3
677,2014.0,KZN227,1.07232693355521,-0.8638114254009949,KwaZulu-Natal,3
678,2014.0,KZN232,1.0726432813791877,-0.07671845247971805,KwaZulu-Natal,3
679,2014.0,KZN233,1.0229544867035767,-0.9360991940672222,KwaZulu-Natal,3
680,2014.0,KZN234,1.050291027147468,-0.383512702686157,KwaZulu-Natal,3
681,2014.0,KZN235,1.0653940868664238,-1.3878923237366723,KwaZulu-Natal,3
682,2014.0,KZN236,1.072525769232286,-1.636020457078514,KwaZulu-Natal,3
683,2014.0,KZN241,1.0679059996476419,0.5548379405036509,KwaZulu-Natal,4
684,2014.0,KZN242,1.0726217456669969,-1.4186810725730705,KwaZulu-Natal,3
685,2014.0,KZN244,1.0671527731761812,-1.7864810165550524,KwaZulu-Natal,3
686,2014.0,KZN245,1.0671582401666146,-1.038518869051213,KwaZulu-Natal,3
687,2014.0,KZN252,1.0677953167175398,0.6164777007287171,KwaZulu-Natal,4
688,2014.0,KZN253,1.0725451286968288,-1.1990194684254656,KwaZulu-Natal,3
689,2014.0,KZN254,1.0717183340588319,-0.9038274963276023,KwaZulu-Natal,3
690,2014.0,KZN261,1.0425127188626044,-0.8379692633163851,KwaZulu-Natal,3
691,2014.0,KZN262,1.047339286670779,-0.9991617553217166,KwaZulu-Natal,3
692,2014.0,KZN263,1.063352450264948,-0.260983824259176,KwaZulu-Natal,3
693,2014.0,KZN265,1.0578001859953072,-1.3481605854526562,KwaZulu-Natal,3
694,2014.0,KZN266,1.0492468932983394,-0.7182559405963268,KwaZulu-Natal,3
695,2014.0,KZN271,1.030822269470569,-1.5758833282607145,KwaZulu-Natal,3
696,2014.0,KZN272,0.9531927465340316,-1.5388566231114034,KwaZulu-Natal,2
697,2014.0,KZN273,1.0543301714605466,-1.4118755154002587,KwaZulu-Natal,3
698,2014.0,KZN274,1.064733576459229,-1.3602444828495341,KwaZulu-Natal,3
699,2014.0,KZN275,1.0456920657568423,-0.8932683484171507,KwaZulu-Natal,3
700,2014.0,KZN281,1.0245152150958,-0.7812367749434823,KwaZulu-Natal,3
701,2014.0,KZN282,1.0726546929666556,0.6945159007066631,KwaZulu-Natal,4
702,2014.0,KZN283,1.0726546929666556,-1.4815073258469769,KwaZulu-Natal,3
703,2014.0,KZN284,1.0505227627398617,-1.141790829309246,KwaZulu-Natal,3
704,2014.0,KZN285,0.9964671222067772,-1.1006039204331926,KwaZulu-Natal,2
705,2014.0,KZN286,1.0295008086917439,-1.2013166738203873,KwaZulu-Natal,3
706,2014.0,KZN291,1.0463382410793742,-0.45813410965094153,KwaZulu-Natal,3
707,2014.0,KZN292,1.0668526239854605,-0.04577031367581444,KwaZulu-Natal,3
708,2014.0,KZN293,1.0545822668647413,-1.2506283874523456,KwaZulu-Natal,3
709,2014.0,KZN294,1.0653977440110771,-1.6519899081347578,KwaZulu-Natal,3
710,2014.0,KZN431,1.0544994104366732,-1.5617997584022334,KwaZulu-Natal,3
711,2014.0,KZN432,1.0565953431687438,-0.6435586284168391,KwaZulu-Natal,3
712,2014.0,KZN433,1.0714112402754445,0.11831977222363983,KwaZulu-Natal,4
713,2014.0,KZN434,1.0723477155859729,-1.5329172935135675,Limpopo,3
714,2014.0,KZN435,1.0726520048594448,-1.6326975278504263,Limpopo,3
715,2014.0,LIM331,1.0657512749761504,-1.1785992802038103,Limpopo,3
716,2014.0,LIM332,1.052304283178111,-1.1829241185841208,Limpopo,3
717,2014.0,LIM333,1.0633200468520316,-0.9927699366630405,Limpopo,3
718,2014.0,LIM334,1.065929873097311,0.12654565587751476,Limpopo,4
719,2014.0,LIM335,1.0511679120606319,-1.275312080786312,Limpopo,3
720,2014.0,LIM341,1.0725484561618923,0.4662506112714896,Limpopo,4
721,2014.0,LIM342,1.0309744044233558,-1.5319168445928917,Limpopo,3
722,2014.0,LIM343,1.0726187138411327,-1.015352700474001,Limpopo,3
723,2014.0,LIM344,1.057323502812475,-1.0668257298975805,Limpopo,3
724,2014.0,LIM351,1.0697986782657696,-1.2170726739485331,Limpopo,3
725,2014.0,LIM352,1.065160012696115,-0.8414619139665148,Limpopo,3
726,2014.0,LIM353,1.029726449889194,-0.4143910429282574,Limpopo,3
727,2014.0,LIM354,1.04811098070792,0.11843721178869027,Limpopo,4
728,2014.0,LIM355,1.0500597100659579,-0.6573528390956425,Limpopo,3
729,2014.0,LIM361,1.025308342056533,0.624868199296461,Limpopo,4
730,2014.0,LIM362,1.0508467917446356,-0.10328183532600067,Limpopo,3
731,2014.0,LIM364,1.057927097478938,0.5825817062028503,Limpopo,4
732,2014.0,LIM365,1.0521608143181287,0.6522069119488902,Eastern Cape,4
733,2014.0,LIM366,1.06977637841496,0.8384065595809261,Eastern Cape,4
734,2014.0,LIM367,1.052554456033238,-0.43065467774896476,Limpopo,3
735,2014.0,LIM471,1.0049286611439132,-0.7205519398450517,Limpopo,3
736,2014.0,LIM472,1.0586051754705066,-0.85793026413949,Limpopo,3
737,2014.0,LIM473,1.0700013455228183,-1.2640488886888088,Limpopo,3
738,2014.0,LIM474,1.0554881840305486,-1.1521291041649422,Limpopo,3
739,2014.0,LIM475,1.0426883629788999,-1.241641186647569,Limpopo,3
740,2014.0,MAN,1.05629236822441,0.6572674762262897,Gauteng,4
741,2014.0,MP301,1.0520035710155913,-0.5896115729708616,Mpumalanga,3
742,2014.0,MP302,1.03931119258222,0.3036723266285003,Mpumalanga,4
743,2014.0,MP303,1.0508661472703156,-0.5310057522808703,Mpumalanga,3
744,2014.0,MP304,1.0705052437174176,0.0817657635127379,Mpumalanga,4
745,2014.0,MP305,1.0581199673903707,0.9543643677019547,Mpumalanga,4
746,2014.0,MP306,1.060004844199307,0.7164207101383102,Mpumalanga,4
747,2014.0,MP307,1.0660966414699689,1.135156562803128,Mpumalanga,4
748,2014.0,MP311,1.0092779267029768,0.5645720322827076,North West,4
749,2014.0,MP312,1.0653004744621004,0.9417286763884064,Mpumalanga,4
750,2014.0,MP313,1.069280898618726,0.9330441459000343,Mpumalanga,4
751,2014.0,MP314,1.0571223648725083,0.4134641645619371,Mpumalanga,4
752,2014.0,MP315,1.0558829116705202,-0.05913362849941351,Mpumalanga,3
753,2014.0,MP316,1.0554683557651128,-0.2952112584467277,Mpumalanga,3
754,2014.0,MP321,1.0455541710653382,0.6252196357789299,Mpumalanga,4
755,2014.0,MP322,1.0684772174538568,0.07555885723950842,North West,4
756,2014.0,MP323,1.058648719874475,0.4757010420638515,Mpumalanga,4
757,2014.0,MP324,1.0381200943519953,-0.6429125642797626,Mpumalanga,3
758,2014.0,MP325,1.0306702918754127,-0.9585891519384928,Mpumalanga,3
759,2014.0,NC061,1.0498433893849692,1.191464420397461,Northern Cape,4
760,2014.0,NC062,0.9990520465951798,1.2495660456577546,Northern Cape,1
761,2014.0,NC064,1.0241743165304824,0.5289775090749539,Northern Cape,4
762,2014.0,NC065,1.0670066060843268,1.052014826236317,Northern Cape,4
763,2014.0,NC066,1.031470120339303,0.6098108680836065,Northern Cape,4
764,2014.0,NC067,1.0341504166071158,0.809337370303715,Northern Cape,4
765,2014.0,NC071,1.0109886449444145,0.9504443530842239,Northern Cape,4
766,2014.0,NC072,1.0678463679628272,0.5450511983932289,Northern Cape,4
767,2014.0,NC073,1.0233966077506553,1.1782782157169178,Northern Cape,4
768,2014.0,NC074,1.0621051155463384,0.8624379317995194,Northern Cape,4
769,2014.0,NC075,1.0243212113332882,1.0351379640140081,Northern Cape,4
770,2014.0,NC076,1.0109877132680762,0.46460833364444265,Northern Cape,4
771,2014.0,NC077,1.0238009155113175,0.8117147128010225,Northern Cape,4
772,2014.0,NC078,1.0503744363107246,0.5594433842665482,Northern Cape,4
773,2014.0,NC081,1.0104980503315548,0.3648370343049841,Northern Cape,4
774,2014.0,NC082,1.0333628454384098,0.888096196827793,Northern Cape,4
775,2014.0,NC083,1.0629884992888594,1.0878056951641506,Northern Cape,4
776,2014.0,NC084,1.0291896077898834,0.3331011575228798,Northern Cape,4
777,2014.0,NC085,1.0503866088026768,1.0126515243643959,Western Cape,4
778,2014.0,NC086,1.0397810408189965,1.4306630935773879,Northern Cape,4
779,2014.0,NC091,1.0717165887517988,1.164889456928025,Northern Cape,4
780,2014.0,NC092,1.051168372151413,0.7146779336567437,Northern Cape,4
781,2014.0,NC093,1.0406083029605862,1.0923236945931738,Northern Cape,4
782,2014.0,NC094,1.046383066620578,0.7835940494450926,Western Cape,4
783,2014.0,NC451,1.0411859264830756,-1.4724733100694158,Northern Cape,3
784,2014.0,NC452,1.0687177635656329,-0.46641000610876643,Northern Cape,3
785,2014.0,NC453,1.0454765294731572,1.2886930532150325,Northern Cape,4
786,2014.0,NMA,1.0434379577158461,1.036992970298645,Free State,4
787,2014.0,NW371,0.9890720311822744,-0.2999733782216523,North West,2
788,2014.0,NW372,1.0198660943903868,0.10692823058153798,North West,4
789,2014.0,NW373,1.0643294421876932,0.7516134950502124,North West,4
790,2014.0,NW374,1.0437893018413513,0.4199271311679636,North West,4
791,2014.0,NW375,1.058026985493734,-0.41794224759805904,North West,3
792,2014.0,NW381,1.039620027603677,-1.304307933034217,North West,3
793,2014.0,NW382,1.0174234008839411,-0.45763373106911115,North West,3
794,2014.0,NW383,1.047403308388648,-0.17708804993491534,North West,3
795,2014.0,NW384,1.0485905427914863,-0.00833711903705296,Northern Cape,3
796,2014.0,NW385,1.0374287137619747,-0.5141210837670022,North West,3
797,2014.0,NW392,1.0433587508383053,0.3769884769011535,North West,4
798,2014.0,NW393,1.0168440617049541,0.5459603572818342,North West,4
799,2014.0,NW394,1.040621521351499,-1.2188364392972726,North West,3
800,2014.0,NW396,1.049562702639692,1.0302386194223265,Northern Cape,4
801,2014.0,NW397,1.0403196280168374,-1.124670819553873,North West,3
802,2014.0,NW401,1.0060432924854366,-0.18422731329172337,North West,3
803,2014.0,NW402,1.0693243947566293,1.2216851012010939,North West,4
804,2014.0,NW403,0.9990849031549515,1.2772435087463805,North West,1
805,2014.0,NW404,1.054279548489438,0.7782422122495478,North West,4
806,2014.0,TSH,1.065514201368994,1.1628102911818974,KwaZulu-Natal,4
807,2014.0,WC011,1.0726546929666556,0.8110499794644263,Western Cape,4
808,2014.0,WC012,1.0664717547699827,1.1009972660058245,Western Cape,4
809,2014.0,WC013,1.0695819176710806,1.186250916984815,Western Cape,4
810,2014.0,WC014,1.0664361020128856,1.409041947663166,Western Cape,4
811,2014.0,WC015,1.066847445658825,1.1337578067511265,Western Cape,4
812,2014.0,WC022,1.0726546929666556,1.0346916975135287,Western Cape,4
813,2014.0,WC023,1.0700971039321172,1.3293323924699068,Western Cape,4
814,2014.0,WC024,1.0701201768887487,1.3040774945156888,Western Cape,4
815,2014.0,WC025,1.0658709031503892,1.1457602090555867,Western Cape,4
816,2014.0,WC026,1.0696563839411415,1.1861102108950665,Western Cape,4
817,2014.0,WC031,1.0663677337311541,1.0510659303222247,Western Cape,4
818,2014.0,WC032,1.0692337674292438,0.8055056068167696,Western Cape,4
819,2014.0,WC033,1.0624499248353316,1.1110022552849477,Eastern Cape,4
820,2014.0,WC034,1.0636597481386385,1.089605760300097,Western Cape,4
821,2014.0,WC041,1.0345463770283811,0.8299363627394798,Western Cape,4
822,2014.0,WC042,1.0565979693303977,1.1468076526309186,Western Cape,4
823,2014.0,WC043,1.0726546929666556,0.9490136576938122,Western Cape,4
824,2014.0,WC044,1.0670443397511344,0.995087332418252,Western Cape,4
825,2014.0,WC045,1.0338944311617069,0.8030885860069252,Eastern Cape,4
826,2014.0,WC047,1.0683752057520204,0.7683320737404267,Western Cape,4
827,2014.0,WC048,1.0563428819596103,0.7491040524655809,Western Cape,4
828,2014.0,WC051,0.980979507974695,1.1020568606309826,Western Cape,1
829,2014.0,WC052,1.0289049102987324,1.0413983304523904,Western Cape,4
830,2014.0,WC053,1.0502504988333867,1.2719318995380549,Mpumalanga,4
831,2015.0,BUF,1.0561247027006035,0.3556953339164828,Eastern Cape,4
832,2015.0,CPT,1.0726515405465378,1.1412750924213355,Western Cape,4
877,2015.0,EC101,1.0655687348605123,1.2119534697983112,Eastern Cape,4
878,2015.0,EC102,1.0474998776280047,0.9003235755135781,Eastern Cape,4
879,2015.0,EC103,1.003540329846252,0.9226856550622854,Eastern Cape,4
880,2015.0,EC104,1.06152589121619,0.7397624952213873,Eastern Cape,4
881,2015.0,EC105,0.9770573147453852,0.28928689780584066,Eastern Cape,1
882,2015.0,EC106,1.0187650702959647,0.2706625919286222,Eastern Cape,4
883,2015.0,EC107,1.0697450266207411,0.5856355119730111,Eastern Cape,4
884,2015.0,EC108,1.072191648708296,0.7748986373213546,Eastern Cape,4
885,2015.0,EC109,1.0564447672959814,0.7381720722640098,Eastern Cape,4
886,2015.0,EC121,1.0586222157358924,-1.6605681818503855,Eastern Cape,3
887,2015.0,EC122,1.0099115824410336,-1.2849456863645021,Eastern Cape,3
888,2015.0,EC123,1.0446257586985044,-0.8414920190313979,Eastern Cape,3
889,2015.0,EC124,1.0371909682271117,-1.0448085018703621,Eastern Cape,3
890,2015.0,EC126,1.014536996174942,-1.3444350205316518,Eastern Cape,3
891,2015.0,EC127,1.0474736812781993,-0.5680520852704458,Eastern Cape,3
892,2015.0,EC128,1.0289235051064742,0.4762031359748721,Eastern Cape,4
893,2015.0,EC131,1.0628896755062207,1.0280622407222697,Eastern Cape,4
894,2015.0,EC132,1.0662118717398386,-0.8987564204076482,Eastern Cape,3
895,2015.0,EC133,1.069876416096812,0.5745774254664313,Eastern Cape,4
896,2015.0,EC134,1.0492726233128202,0.14112400887250465,Eastern Cape,4
897,2015.0,EC135,1.0244801364426221,-1.7027067977760642,Eastern Cape,3
898,2015.0,EC136,1.052860598589374,-1.1655490719233983,Eastern Cape,3
899,2015.0,EC137,1.0726491609469295,-1.7595461487786135,Eastern Cape,3
900,2015.0,EC138,1.0287808459204884,-0.9533341607409426,Eastern Cape,3
901,2015.0,EC141,1.0697088485071524,-1.586071457907729,Eastern Cape,3
902,2015.0,EC142,1.071392577545937,-1.088774787128907,Eastern Cape,3
903,2015.0,EC143,1.0544504082081638,0.428116454369381,Eastern Cape,4
904,2015.0,EC144,1.0515337886092149,0.49223929354629165,Eastern Cape,4
905,2015.0,EC153,1.0726546929666556,-1.7916468708661137,Eastern Cape,3
906,2015.0,EC154,1.0418861761144673,-1.8123146004752742,Eastern Cape,3
907,2015.0,EC155,1.059145171382726,-1.8108515410898596,Eastern Cape,3
908,2015.0,EC156,1.066554249146061,-1.7259365519714953,Eastern Cape,3
909,2015.0,EC157,1.0416443167538443,-1.098007884346309,Eastern Cape,3
910,2015.0,EC441,1.0709873205145943,-1.4412837836024956,Eastern Cape,3
911,2015.0,EC442,1.0726546929666556,-1.6484133946406763,Eastern Cape,3
912,2015.0,EC443,1.0698797254640307,-1.8355902231502512,Free State,3
913,2015.0,EC444,0.9185952629276068,-1.9226867131673755,Free State,2
914,2015.0,EKU,1.0722351884525978,1.1402618638173558,Gauteng,4
915,2015.0,ETH,1.0716945999853535,0.890073820046109,KwaZulu-Natal,4
916,2015.0,FS161,1.0318133565817798,0.8492663673954055,Free State,4
917,2015.0,FS162,1.0401753219756138,0.8989486002307296,Free State,4
918,2015.0,FS163,1.0281428372047439,0.3919049091825887,Free State,4
919,2015.0,FS164,0.9914130661196616,0.790456457455893,Free State,1
920,2015.0,FS181,1.0613614875818767,0.770022073860245,Free State,4
921,2015.0,FS182,1.0196811967124961,0.14127126044383595,Free State,4
922,2015.0,FS183,1.0606835331995887,0.9386099113194654,Free State,4
923,2015.0,FS184,1.0236461670025625,1.0231434292447883,Free State,4
924,2015.0,FS185,1.0429886466346472,0.707127270687006,Free State,4
925,2015.0,FS191,1.0099392090983201,0.36430350467093975,Free State,4
926,2015.0,FS192,1.0455299463816048,0.5784350773149615,Free State,4
927,2015.0,FS193,1.059880669733567,0.4718172867416388,Free State,4
928,2015.0,FS194,1.0039042578703523,0.06061710499857865,Free State,4
929,2015.0,FS195,1.0272004485214667,0.24521534630250125,Free State,4
930,2015.0,FS196,0.9987193352384486,0.4981744418710564,Free State,1
931,2015.0,FS201,1.0413890693582109,1.0715287492067167,Free State,4
932,2015.0,FS203,1.0236028134974384,0.9118310559974943,Free State,4
933,2015.0,FS204,1.0523822460601626,1.0680974819330518,Gauteng,4
934,2015.0,FS205,1.01314057893342,0.7735125141702827,Gauteng,4
935,2015.0,GT421,1.0626547287543051,1.4796649516426679,Gauteng,4
936,2015.0,GT422,1.0726546929666556,0.9089040646307591,Gauteng,4
937,2015.0,GT423,1.0482801812524565,1.0296162140731895,Gauteng,4
938,2015.0,GT481,1.072640836602272,1.2561169222520836,Gauteng,4
939,2015.0,GT482,1.049341581965249,1.0196269092499348,KwaZulu-Natal,4
940,2015.0,GT483,1.0208758266676319,0.4959273236835644,KwaZulu-Natal,4
941,2015.0,GT484,1.072620788057726,0.9070693993462663,Gauteng,4
942,2015.0,JHB,1.0696530527679189,1.4072672439906952,Gauteng,4
943,2015.0,KZN211,1.0629101080761696,-1.6290615275093794,KwaZulu-Natal,3
944,2015.0,KZN212,1.0680037700313025,-0.2574816170642146,KwaZulu-Natal,3
945,2015.0,KZN213,1.0726377718595665,-1.5455713715971022,KwaZulu-Natal,3
946,2015.0,KZN214,1.0617116113734593,-1.528241901369616,KwaZulu-Natal,3
947,2015.0,KZN215,1.0724862452805766,-1.4672484664530225,KwaZulu-Natal,3
948,2015.0,KZN216,1.0724948721186593,-0.37629757308789724,KwaZulu-Natal,3
949,2015.0,KZN221,1.0692463732895139,-0.6609753162247396,KwaZulu-Natal,3
950,2015.0,KZN222,1.0343257089701674,0.8465832746825733,KwaZulu-Natal,4
951,2015.0,KZN223,1.0557792541003872,-0.11613527322974088,KwaZulu-Natal,3
952,2015.0,KZN224,1.0702784533711174,-1.0276180993376443,KwaZulu-Natal,3
953,2015.0,KZN225,1.0726214116477053,0.7770674891225086,KwaZulu-Natal,4
954,2015.0,KZN226,1.0636654022830259,-0.8614565932460876,KwaZulu-Natal,3
955,2015.0,KZN227,1.0721692772469162,-0.8638114254009949,KwaZulu-Natal,3
956,2015.0,KZN232,1.072648609801528,-0.07671845247971805,KwaZulu-Natal,3
957,2015.0,KZN233,1.0642802742460524,-0.9360991940672222,KwaZulu-Natal,3
958,2015.0,KZN234,1.0651899399983789,-0.383512702686157,KwaZulu-Natal,3
959,2015.0,KZN235,1.0693580820488222,-1.3878923237366723,KwaZulu-Natal,3
960,2015.0,KZN236,1.0725925010074944,-1.636020457078514,KwaZulu-Natal,3
961,2015.0,KZN241,1.0725808580493266,0.5548379405036509,KwaZulu-Natal,4
962,2015.0,KZN242,1.0705996285420127,-1.4186810725730705,KwaZulu-Natal,3
963,2015.0,KZN244,1.0574481036280963,-1.7864810165550524,KwaZulu-Natal,3
964,2015.0,KZN245,1.0627040916144455,-1.038518869051213,KwaZulu-Natal,3
965,2015.0,KZN252,1.0700087487781564,0.6164777007287171,KwaZulu-Natal,4
966,2015.0,KZN253,1.064424519279727,-1.1990194684254656,KwaZulu-Natal,3
967,2015.0,KZN254,1.0703448274065301,-0.9038274963276023,KwaZulu-Natal,3
968,2015.0,KZN261,1.0137786162993987,-0.8379692633163851,KwaZulu-Natal,3
969,2015.0,KZN262,1.046032727908477,-0.9991617553217166,KwaZulu-Natal,3
970,2015.0,KZN263,1.049852887354735,-0.260983824259176,KwaZulu-Natal,3
971,2015.0,KZN265,1.060009638338292,-1.3481605854526562,KwaZulu-Natal,3
972,2015.0,KZN266,1.050440868834774,-0.7182559405963268,KwaZulu-Natal,3
973,2015.0,KZN271,1.0703331512699847,-1.5758833282607145,KwaZulu-Natal,3
974,2015.0,KZN272,1.021033183119202,-1.5388566231114034,KwaZulu-Natal,3
975,2015.0,KZN273,1.0465153606543054,-1.4118755154002587,KwaZulu-Natal,3
976,2015.0,KZN274,0.9110041021944263,-1.3602444828495341,KwaZulu-Natal,2
977,2015.0,KZN275,1.0547539202485363,-0.8932683484171507,KwaZulu-Natal,3
978,2015.0,KZN281,1.0161254289869186,-0.7812367749434823,KwaZulu-Natal,3
979,2015.0,KZN282,1.0726546929666556,0.6945159007066631,KwaZulu-Natal,4
980,2015.0,KZN283,1.0688158351039208,-1.4815073258469769,KwaZulu-Natal,3
981,2015.0,KZN284,1.0647023479894933,-1.141790829309246,KwaZulu-Natal,3
982,2015.0,KZN285,1.0598730706703656,-1.1006039204331926,KwaZulu-Natal,3
983,2015.0,KZN286,1.0544096484043806,-1.2013166738203873,KwaZulu-Natal,3
984,2015.0,KZN291,1.0596764788159903,-0.45813410965094153,KwaZulu-Natal,3
985,2015.0,KZN292,1.0629509278992604,-0.04577031367581444,KwaZulu-Natal,3
986,2015.0,KZN293,1.065282087354566,-1.2506283874523456,KwaZulu-Natal,3
987,2015.0,KZN294,1.0301699322995397,-1.6519899081347578,KwaZulu-Natal,3
988,2015.0,KZN431,1.046708333188941,-1.5617997584022334,KwaZulu-Natal,3
989,2015.0,KZN432,1.0408358320887094,-0.6435586284168391,KwaZulu-Natal,3
990,2015.0,KZN433,1.0716028479044635,0.11831977222363983,KwaZulu-Natal,4
991,2015.0,KZN434,1.0678351996411328,-1.5329172935135675,Limpopo,3
992,2015.0,KZN435,1.071084681011606,-1.6326975278504263,Limpopo,3
993,2015.0,LIM331,1.0596634080833924,-1.1785992802038103,Limpopo,3
994,2015.0,LIM332,1.0062398146844007,-1.1829241185841208,Limpopo,3
995,2015.0,LIM333,1.0601991315699948,-0.9927699366630405,Limpopo,3
996,2015.0,LIM334,1.0558501034020167,0.12654565587751476,Limpopo,4
997,2015.0,LIM335,1.0688102015485774,-1.275312080786312,Limpopo,3
998,2015.0,LIM341,1.051810417227599,0.4662506112714896,Limpopo,4
999,2015.0,LIM342,1.0688280483875945,-1.5319168445928917,Limpopo,3
1000,2015.0,LIM343,1.0694265108527774,-1.015352700474001,Limpopo,3
1001,2015.0,LIM344,1.0584543128900914,-1.0668257298975805,Limpopo,3
1002,2015.0,LIM351,1.033224339119453,-1.2170726739485331,Limpopo,3
1003,2015.0,LIM352,1.0620509796179074,-0.8414619139665148,Limpopo,3
1004,2015.0,LIM353,1.0666599852192749,-0.4143910429282574,Limpopo,3
1005,2015.0,LIM354,1.048473941156058,0.11843721178869027,Limpopo,4
1006,2015.0,LIM355,1.0628698943485624,-0.6573528390956425,Limpopo,3
1007,2015.0,LIM361,1.0511047786371273,0.624868199296461,Limpopo,4
1008,2015.0,LIM362,1.0588516526157115,-0.10328183532600067,Limpopo,3
1009,2015.0,LIM364,1.044105078213207,0.5825817062028503,Limpopo,4
1010,2015.0,LIM365,1.048263129421276,0.6522069119488902,Eastern Cape,4
1011,2015.0,LIM366,1.0713264422429045,0.8384065595809261,Eastern Cape,4
1012,2015.0,LIM367,1.0380668325618985,-0.43065467774896476,Limpopo,3
1013,2015.0,LIM471,1.0502802147414507,-0.7205519398450517,Limpopo,3
1014,2015.0,LIM472,1.0595862487188739,-0.85793026413949,Limpopo,3
1015,2015.0,LIM473,1.0555403683912958,-1.2640488886888088,Limpopo,3
1016,2015.0,LIM474,1.0726371945689157,-1.1521291041649422,Limpopo,3
1017,2015.0,LIM475,1.0349790359645823,-1.241641186647569,Limpopo,3
1018,2015.0,MAN,1.0507148205291048,0.6572674762262897,Gauteng,4
1019,2015.0,MP301,1.0368844430526751,-0.5896115729708616,Mpumalanga,3
1020,2015.0,MP302,1.0227820955626041,0.3036723266285003,Mpumalanga,4
1021,2015.0,MP303,0.995689945284752,-0.5310057522808703,Mpumalanga,2
1022,2015.0,MP304,1.0648248963660647,0.0817657635127379,Mpumalanga,4
1023,2015.0,MP305,1.0467318807494963,0.9543643677019547,Mpumalanga,4
1024,2015.0,MP306,1.0558091536512753,0.7164207101383102,Mpumalanga,4
1025,2015.0,MP307,1.0672684027760357,1.135156562803128,Mpumalanga,4
1026,2015.0,MP311,1.0333133467506872,0.5645720322827076,North West,4
1027,2015.0,MP312,1.0551672122469635,0.9417286763884064,Mpumalanga,4
1028,2015.0,MP313,1.0674614583537014,0.9330441459000343,Mpumalanga,4
1029,2015.0,MP314,1.0356081801043393,0.4134641645619371,Mpumalanga,4
1030,2015.0,MP315,1.0300333383863953,-0.05913362849941351,Mpumalanga,3
1031,2015.0,MP316,1.036869499749505,-0.2952112584467277,Mpumalanga,3
1032,2015.0,MP321,1.036091292488459,0.6252196357789299,Mpumalanga,4
1033,2015.0,MP322,1.0599988757784025,0.07555885723950842,North West,4
1034,2015.0,MP323,1.0503684438858483,0.4757010420638515,Mpumalanga,4
1035,2015.0,MP324,1.0458561230780217,-0.6429125642797626,Mpumalanga,3
1036,2015.0,MP325,1.0544077048342038,-0.9585891519384928,Mpumalanga,3
1037,2015.0,NC061,1.023549971257956,1.191464420397461,Northern Cape,4
1038,2015.0,NC062,1.0343052119399765,1.2495660456577546,Northern Cape,4
1039,2015.0,NC064,1.0272610791373036,0.5289775090749539,Northern Cape,4
1040,2015.0,NC065,1.056313098621529,1.052014826236317,Northern Cape,4
1041,2015.0,NC066,1.0196980717720634,0.6098108680836065,Northern Cape,4
1042,2015.0,NC067,1.067337984495821,0.809337370303715,Northern Cape,4
1043,2015.0,NC071,1.0158571127002376,0.9504443530842239,Northern Cape,4
1044,2015.0,NC072,1.0638635983443079,0.5450511983932289,Northern Cape,4
1045,2015.0,NC073,1.0353926536922033,1.1782782157169178,Northern Cape,4
1046,2015.0,NC074,1.0658046845756777,0.8624379317995194,Northern Cape,4
1047,2015.0,NC075,0.9632269902633553,1.0351379640140081,Northern Cape,1
1048,2015.0,NC076,1.0299214147449123,0.46460833364444265,Northern Cape,4
1049,2015.0,NC077,1.0333959593426396,0.8117147128010225,Northern Cape,4
1050,2015.0,NC078,1.023149579097594,0.5594433842665482,Northern Cape,4
1051,2015.0,NC081,0.9587012232739315,0.3648370343049841,Northern Cape,1
1052,2015.0,NC082,1.0387784505168578,0.888096196827793,Northern Cape,4
1053,2015.0,NC083,1.0621544719947973,1.0878056951641506,Northern Cape,4
1054,2015.0,NC084,1.0547594408175995,0.3331011575228798,Northern Cape,4
1055,2015.0,NC085,1.0650652834959713,1.0126515243643959,Western Cape,4
1056,2015.0,NC086,1.0481500969167583,1.4306630935773879,Northern Cape,4
1057,2015.0,NC091,1.0561843378281468,1.164889456928025,Northern Cape,4
1058,2015.0,NC092,1.0107383966845453,0.7146779336567437,Northern Cape,4
1059,2015.0,NC093,1.0378547851878819,1.0923236945931738,Northern Cape,4
1060,2015.0,NC094,1.0314954629531394,0.7835940494450926,Western Cape,4
1061,2015.0,NC451,1.0199431119167437,-1.4724733100694158,Northern Cape,3
1062,2015.0,NC452,1.037011412020225,-0.46641000610876643,Northern Cape,3
1063,2015.0,NC453,1.029910396557869,1.2886930532150325,Northern Cape,4
1064,2015.0,NMA,1.0463060941180835,1.036992970298645,Free State,4
1065,2015.0,NW371,1.0472594188002902,-0.2999733782216523,North West,3
1066,2015.0,NW372,0.9940509177893396,0.10692823058153798,North West,1
1067,2015.0,NW373,0.9661522532681535,0.7516134950502124,North West,1
1068,2015.0,NW374,1.069909624281632,0.4199271311679636,North West,4
1069,2015.0,NW375,1.0558258238970932,-0.41794224759805904,North West,3
1070,2015.0,NW381,1.060841384648967,-1.304307933034217,North West,3
1071,2015.0,NW382,1.0401560066744193,-0.45763373106911115,North West,3
1072,2015.0,NW383,1.0320784729630053,-0.17708804993491534,North West,3
1073,2015.0,NW384,1.061505027665783,-0.00833711903705296,Northern Cape,3
1074,2015.0,NW385,1.0252146650595781,-0.5141210837670022,North West,3
1075,2015.0,NW392,1.0103901595030746,0.3769884769011535,North West,4
1076,2015.0,NW393,1.0657037069313826,0.5459603572818342,North West,4
1077,2015.0,NW394,1.0266409303405872,-1.2188364392972726,North West,3
1078,2015.0,NW396,1.0555089258192005,1.0302386194223265,Northern Cape,4
1079,2015.0,NW397,1.031663552691652,-1.124670819553873,North West,3
1080,2015.0,NW401,1.036010772488041,-0.18422731329172337,North West,3
1081,2015.0,NW402,1.065940471478672,1.2216851012010939,North West,4
1082,2015.0,NW403,1.055657559311891,1.2772435087463805,North West,4
1083,2015.0,NW404,1.0563681586558242,0.7782422122495478,North West,4
1084,2015.0,TSH,1.0635011732363882,1.1628102911818974,KwaZulu-Natal,4
1085,2015.0,WC011,1.0726546929666556,0.8110499794644263,Western Cape,4
1086,2015.0,WC012,1.0717127628718752,1.1009972660058245,Western Cape,4
1087,2015.0,WC013,1.0703325522477036,1.186250916984815,Western Cape,4
1088,2015.0,WC014,1.0723254286581727,1.409041947663166,Western Cape,4
1089,2015.0,WC015,1.0674885970731567,1.1337578067511265,Western Cape,4
1090,2015.0,WC022,1.0704987169002373,1.0346916975135287,Western Cape,4
1091,2015.0,WC023,1.0707155189395832,1.3293323924699068,Western Cape,4
1092,2015.0,WC024,1.0676530171294092,1.3040774945156888,Western Cape,4
1093,2015.0,WC025,1.0726257714633838,1.1457602090555867,Western Cape,4
1094,2015.0,WC026,1.068164361595812,1.1861102108950665,Western Cape,4
1095,2015.0,WC031,1.0602336423580971,1.0510659303222247,Western Cape,4
1096,2015.0,WC032,1.0721485644112814,0.8055056068167696,Western Cape,4
1097,2015.0,WC033,1.068420897424645,1.1110022552849477,Eastern Cape,4
1098,2015.0,WC034,1.0726465048143983,1.089605760300097,Western Cape,4
1099,2015.0,WC041,1.03454306003747,0.8299363627394798,Western Cape,4
1100,2015.0,WC042,1.063796821714198,1.1468076526309186,Western Cape,4
1101,2015.0,WC043,1.0722717206744379,0.9490136576938122,Western Cape,4
1102,2015.0,WC044,1.0690085007882162,0.995087332418252,Western Cape,4
1103,2015.0,WC045,1.0244326734296412,0.8030885860069252,Eastern Cape,4
1104,2015.0,WC047,1.0725767246358047,0.7683320737404267,Western Cape,4
1105,2015.0,WC048,1.0684196632830885,0.7491040524655809,Western Cape,4
1106,2015.0,WC051,0.9808268805693764,1.1020568606309826,Western Cape,1
1107,2015.0,WC052,1.0586477325977866,1.0413983304523904,Western Cape,4
1108,2015.0,WC053,1.0518869361226633,1.2719318995380549,Mpumalanga,4
